ERAsp,PHM4997_11,PZA00175_2,PHM1653_31,PZA03189_4,PZA01254_2,csu1138_4,PHM2187_34,PZA01216_1,PHM14614_22,PZA00664_3,PZA02186_1,PZA03064_6,PZB00008_1,PZA01978_23,PHM595_30,PZB01403_1,PZA00276_18,PZA01068_1,PHM174_13,PZA02681_8,zfl2_9,PZA02626_1,PZA00029_17,PZA01280_2,PZA01232_1,PZA00527_10,PZA02453_1,PZA02090_1,PZD00038_2,PHM4145_18,PZA03054_5,PZA01473_1,PZA01114_2,PZA00581_3,PZA00109_4,PZA00707_9,PZA03198_3,PZA00667_2,PZD00027_2,PHM17210_5,PZA01962_12,PHM1675_29,PZB01109_1,PZA03154_4,PZA02616_1,PZA01931_17,PHM3963_33,PHM5572_19,PZA00541_1,PZA00057_2,PZA00344_10,PZA00193_2,PZA03205_1,PHM5599_20,PZB00869_4,PHM4647_8,PHM16854_3,PZA00996_1,PZA02207_1,PZA00148_3,PZA02981_2,PHM1899_157,PZA02633_4,PZA02356_7,PHM5296_6,PZA01680_3,PZA02769_1,PZA00440_15,PZA03120_1,PZA00214_1,PZB01658_1,PZA00571_1,PZA01729_1,PHM13020_10,PZA00473_5,PZA01591_1,PZA02148_1,PHM1956_90,PHM2658_129,PZA00910_1,PZA01909_2,PHM4135_15,PHM2691_32,PHM2691_31,PHM4080_15,PZA01210_1,PZA00616_13,PZA03583_1,PZA03166_1,PZA02854_13,PHM1912_20,PHM1912_23,PZA00695_3,PZA00368_1,PHM4134_8,PZA02748_3,PHM4203_11,PZB01454_1,PZA00951_1,PZA03698_1,PZA00838_2,PZA01964_29,PZD00036_2,PZA01386_3,PHM9374_5,PZA01999_3,PHM229_15,PZA02397_1,PZA02235_14,PHM3896_9,PZA01642_1,PHM4066_11,PZA00814_1,PZA00048_1,PZA01292_1,PZA00007_1,PZA01001_2,PHM3844_14
,1,1,1,1,1,1,1,1,1,1,1,1,1,1,1,1,1,1,1,2,2,2,2,2,2,2,2,3,3,3,3,3,3,3,3,3,3,3,3,3,3,3,3,3,3,3,4,4,4,4,4,4,4,4,5,5,5,5,5,5,5,5,5,5,5,5,5,6,6,6,6,6,6,6,6,6,6,6,6,6,7,7,7,7,7,7,7,7,7,7,7,7,7,8,8,8,8,8,8,8,8,8,9,9,9,9,9,9,9,10,10,10,10,10,10,10,10,10
,0,5.97,16.89,54.98,66.35,66.71,66.71,86.92,88.99,104.85,104.85,112.81,125.31,129.87,138.94,142.22,155.1,159.91,161.3,0,25.45,55.4,55.98,56.93,57.69,110.97,113.23,0,4.81,33.68,36.32,36.51,36.7,37.07,37.82,38.19,39.9,55.62,63.42,74.18,74.18,75.68,77.57,82.81,88.71,126.54,0,35.87,36.07,41.93,89.4,94.3,94.67,107.83,0,0.19,0.96,1.74,2.31,11.24,11.81,18.34,20.41,20.81,21.2,53.27,86.1,0,2.24,8.69,16.68,28.95,29.89,30.27,30.65,31.03,42.42,71.55,85.05,91.53,0,0,2.86,3.24,18.56,22.98,31.56,39.15,43.04,43.83,59.81,60.37,77.61,0,33.12,35.39,41.28,45.49,52,53.76,57.47,79.69,0,12.43,25.22,31,34.89,47.33,49.61,0,0.39,4.39,6.45,7.39,8.15,43.68,52.43,53.21
1.284034967,H,B,B,B,B,B,B,A,A,A,A,A,A,A,A,A,A,A,H,A,H,H,H,H,H,H,H,A,H,H,H,H,H,H,H,H,H,H,H,H,H,H,H,H,H,H,B,A,A,A,-,H,H,-,H,H,H,H,H,H,H,H,H,H,H,H,H,H,H,H,H,H,H,H,H,H,H,H,H,B,B,B,B,B,B,B,B,B,B,B,B,B,B,H,H,H,H,H,B,B,B,B,B,B,B,B,B,B,B,H,H,B,B,B,B,B,H,H
1.530201668,A,A,A,A,A,A,A,B,B,-,B,-,B,-,-,H,H,-,-,B,B,-,-,A,A,-,H,A,-,A,A,-,A,A,A,A,A,A,A,H,H,-,-,H,-,B,-,B,-,B,A,-,H,H,-,-,B,-,H,-,-,H,-,-,H,A,A,A,-,-,-,A,A,B,A,-,H,-,B,B,-,B,B,B,-,-,H,-,H,H,B,B,-,B,B,B,-,-,-,H,-,A,A,-,H,H,H,-,H,-,B,-,H,-,-,-,-,-
1.413765401,A,A,H,B,B,B,B,B,B,H,H,H,H,H,H,H,H,B,-,B,B,H,A,A,A,H,H,H,H,H,H,H,H,H,H,H,H,H,H,A,A,A,A,A,H,H,B,H,H,H,H,H,H,H,A,A,A,A,A,A,A,A,A,A,A,A,A,B,B,B,B,B,B,B,B,B,H,B,B,B,H,H,H,H,B,B,B,B,B,B,B,B,B,H,H,H,H,H,H,H,H,B,H,H,H,H,H,H,H,H,H,H,H,H,H,B,B,B
1.4668183,B,B,B,B,B,B,B,B,B,H,H,H,B,B,H,H,H,H,H,A,A,H,H,H,H,H,H,B,H,H,H,H,H,H,H,H,H,H,B,B,B,B,B,B,H,H,B,B,B,B,B,B,B,B,A,A,A,A,A,A,H,B,B,B,B,B,B,H,H,H,H,A,A,A,A,A,A,H,H,H,H,H,H,H,A,A,H,H,H,H,H,H,A,H,B,H,H,H,H,H,H,H,H,H,H,H,H,H,H,H,H,H,A,A,A,A,A,A
1.373019702,B,B,B,H,H,H,H,H,H,H,H,H,H,H,H,H,H,H,H,A,A,-,H,H,H,H,H,H,H,B,B,B,B,B,B,B,B,B,B,B,B,B,B,H,H,H,B,H,H,H,H,H,H,H,H,H,H,H,H,H,H,H,H,H,H,A,A,H,H,H,H,H,H,H,H,H,H,A,A,A,H,H,H,H,A,A,A,A,A,-,A,A,A,H,H,H,H,H,B,H,H,H,H,H,A,A,A,A,A,H,H,H,H,H,H,H,A,A
1.622617434,A,A,A,A,H,H,H,H,H,H,H,A,A,A,A,A,-,H,H,B,B,H,H,H,H,H,H,H,H,H,H,H,H,H,H,H,H,H,B,B,B,B,B,B,H,B,H,H,H,B,H,H,H,H,B,B,B,B,B,B,B,B,B,B,B,B,H,H,A,A,A,A,A,A,A,A,A,H,H,H,H,H,H,H,H,H,H,H,H,H,A,A,A,A,A,A,A,A,H,H,H,H,A,A,A,A,A,H,H,H,H,H,H,H,H,H,H,H
1.386100613,A,A,A,A,A,A,-,H,H,H,H,A,A,H,H,H,H,H,H,H,H,-,B,B,B,H,H,H,H,H,H,H,H,H,H,H,H,H,H,H,H,H,H,H,H,H,B,B,B,B,H,H,H,H,A,A,A,A,A,A,A,A,A,A,A,H,B,H,H,H,H,H,H,H,H,H,H,B,B,B,A,A,A,A,A,A,A,B,B,B,B,B,B,A,H,H,H,H,H,H,H,H,H,H,H,H,H,A,A,B,B,B,B,B,B,H,H,H
1.461114764,H,H,H,A,A,A,A,H,H,H,H,H,B,B,B,B,B,B,B,B,H,H,H,H,H,H,A,H,H,H,H,H,H,H,H,H,H,H,H,H,H,A,A,A,A,H,H,H,H,H,H,H,H,H,A,A,A,A,A,A,A,A,A,A,A,A,H,H,H,A,A,A,A,A,A,A,A,A,A,A,H,H,H,H,H,H,B,B,B,B,-,B,B,A,A,A,A,A,A,A,A,H,H,H,H,H,H,H,H,A,A,A,A,A,A,H,H,H
1.57577666,H,H,H,A,A,A,A,A,A,H,H,H,H,H,H,H,H,H,H,H,H,H,H,H,H,B,B,H,H,H,H,H,H,H,H,H,H,H,H,H,H,H,H,H,H,H,H,H,H,H,A,A,A,H,H,H,H,H,H,H,H,H,H,H,H,B,B,H,H,H,B,B,B,B,B,B,H,A,A,A,H,H,H,H,H,H,H,H,A,A,A,A,A,H,B,B,B,B,B,B,B,B,A,H,H,H,H,H,H,B,B,B,B,B,B,H,H,H
1.689233936,H,H,H,B,H,H,H,H,H,-,H,H,H,H,H,H,B,H,H,B,B,B,B,B,B,A,A,H,H,H,H,H,H,H,H,H,H,H,H,H,H,H,H,H,H,H,H,H,H,H,H,H,H,H,H,H,H,H,H,H,H,H,H,H,H,H,H,A,A,A,A,A,A,A,A,A,A,-,B,B,H,H,H,H,H,H,A,A,A,A,A,A,A,A,H,H,H,H,H,H,H,H,B,B,H,H,H,H,H,B,B,B,B,B,B,H,H,H
1.693070347,A,A,A,B,B,B,B,H,H,B,B,B,B,B,H,H,B,B,B,B,B,B,B,B,B,H,H,H,H,A,A,A,A,A,A,A,A,H,H,H,H,H,H,B,H,H,B,H,H,H,H,H,H,H,H,H,H,H,H,H,H,H,H,H,H,A,A,H,H,H,B,B,B,-,B,B,B,B,B,B,A,A,A,A,A,A,A,A,A,A,A,A,A,H,H,H,H,H,H,H,H,H,B,B,H,A,A,A,A,A,A,A,H,H,H,B,B,B
1.31445829,H,H,H,H,H,H,H,H,H,A,A,A,A,A,H,H,H,H,H,B,B,H,H,H,H,B,B,H,H,B,B,B,B,B,B,B,B,B,B,B,B,B,B,B,B,B,A,A,A,A,A,H,H,H,B,B,B,B,B,B,B,B,B,B,B,H,H,B,B,B,B,B,B,B,B,B,B,H,H,H,H,H,H,H,B,B,B,B,B,B,B,B,H,H,H,H,H,A,A,A,A,A,A,B,B,B,B,B,B,A,A,A,A,A,A,A,A,-
2.311098698,A,A,A,A,A,A,A,H,H,B,B,B,B,B,B,B,H,H,H,B,B,B,B,-,B,H,H,H,H,H,H,H,H,H,H,H,H,H,H,H,H,H,H,H,H,H,H,A,A,A,H,H,H,H,B,B,B,B,B,B,B,H,H,H,H,H,B,H,A,A,A,H,H,H,H,H,H,H,B,B,B,B,B,B,B,B,B,B,B,B,B,B,B,H,B,B,B,B,B,B,B,B,B,B,H,H,H,H,H,A,A,A,A,A,A,H,H,H
1.212548477,H,-,A,H,B,B,B,B,B,B,B,H,H,H,H,H,H,H,H,H,H,H,H,H,H,-,B,B,B,B,B,B,B,B,B,B,B,B,B,B,B,B,B,B,B,B,H,H,H,H,H,H,H,H,A,A,A,A,A,A,A,A,A,A,A,A,A,A,A,A,A,H,H,H,H,H,B,B,B,H,H,H,H,H,A,A,H,H,H,H,H,H,H,H,B,B,B,B,B,B,B,H,A,A,A,A,A,A,A,-,A,A,A,A,A,H,H,H
1.201296586,H,H,H,H,H,H,H,H,H,H,H,H,A,A,A,A,A,A,A,H,H,H,H,H,H,B,B,B,B,B,B,B,B,B,B,B,B,H,H,H,H,H,H,H,H,A,H,H,H,A,A,A,A,A,B,B,B,B,B,B,B,B,B,B,B,H,H,H,H,H,H,H,H,H,H,H,H,H,A,H,H,H,H,H,H,H,H,H,H,H,H,H,H,H,B,B,B,B,B,-,B,H,A,A,A,A,A,A,A,H,H,H,H,H,H,H,H,H
1.823966394,H,B,B,B,B,B,B,B,B,H,H,H,H,H,H,H,H,H,B,B,B,A,A,A,A,H,H,B,B,H,H,H,H,H,H,H,H,A,A,-,A,A,H,H,H,A,B,H,H,H,H,H,H,H,B,B,B,B,B,B,B,B,B,B,B,B,H,H,H,H,B,B,B,B,B,B,B,B,B,B,H,H,H,H,H,H,H,H,B,-,H,H,H,H,H,H,H,H,H,H,H,H,H,A,H,A,A,H,H,H,H,H,H,H,H,B,B,B
1.82068696,A,A,B,B,H,H,H,B,B,B,B,B,B,B,H,H,H,H,H,H,B,H,H,H,H,H,H,B,B,B,B,B,B,B,B,B,B,H,H,H,H,H,H,H,H,B,H,H,H,H,B,B,B,B,H,H,H,H,H,H,H,-,-,H,H,H,A,H,H,A,A,A,A,A,A,A,A,B,B,B,H,H,H,H,H,H,H,H,H,H,A,A,A,H,H,H,H,H,H,H,H,H,A,-,A,A,A,A,A,A,A,A,A,A,A,H,H,H
1.671458026,B,B,B,B,B,B,B,B,H,H,H,B,H,H,A,A,A,A,A,A,H,H,H,H,H,H,H,H,H,A,A,A,A,A,A,A,A,A,A,H,H,H,H,H,H,H,H,H,H,H,H,H,H,A,H,H,H,B,B,B,B,B,B,B,B,H,A,B,B,B,B,B,B,B,B,B,H,H,H,H,A,A,A,A,A,A,A,A,A,A,H,H,H,A,A,A,A,A,A,A,A,A,A,H,B,B,B,B,B,B,B,B,B,B,B,B,H,H
1.662989083,H,H,H,H,H,H,H,A,A,A,A,A,H,H,B,B,B,B,B,B,B,B,B,B,B,H,H,A,A,B,B,B,B,B,B,B,B,B,B,-,B,B,B,H,H,A,B,H,H,H,B,B,B,H,A,A,A,A,A,A,A,A,A,A,A,A,B,A,A,A,A,A,A,A,A,A,B,B,B,B,A,A,A,A,H,H,H,H,H,H,H,H,B,A,A,A,A,A,A,A,A,H,B,B,B,B,B,B,B,B,B,B,B,B,B,B,H,H
1.609374611,H,H,H,A,A,A,A,H,H,H,H,H,B,B,B,B,B,B,B,B,H,B,B,B,B,H,H,H,H,H,H,H,H,H,H,H,H,H,H,B,B,B,B,B,B,H,H,H,H,H,A,A,A,H,A,A,A,A,A,A,-,H,H,H,H,H,B,H,H,H,A,A,A,A,A,A,A,A,A,A,B,B,B,B,B,B,B,B,B,-,B,B,H,H,H,H,H,H,A,A,H,H,B,B,B,B,H,H,H,A,A,A,A,A,A,H,-,H
1.616041991,A,A,A,A,A,A,A,A,A,H,H,H,H,H,A,A,A,A,A,A,A,A,A,A,A,H,H,B,B,B,B,B,B,B,B,B,B,B,H,H,H,H,H,H,H,A,H,B,B,B,H,H,H,A,H,H,H,H,H,H,H,H,H,H,H,H,H,H,H,H,H,H,H,H,H,H,A,A,A,A,H,H,H,H,H,H,H,A,A,A,A,A,A,H,H,H,H,B,B,B,H,H,H,H,H,H,H,H,A,H,H,H,H,H,H,A,A,A
1.773246988,H,H,H,A,A,A,A,A,A,H,H,H,H,B,B,B,B,B,B,A,A,A,A,A,A,B,B,A,H,H,H,H,H,H,H,H,H,H,H,H,H,H,H,H,H,A,A,H,H,H,H,H,H,B,B,B,B,B,B,B,B,B,B,B,B,H,A,H,H,H,H,H,H,H,H,H,H,A,A,A,B,B,B,B,B,B,B,B,B,-,B,B,B,H,A,A,A,A,-,A,A,A,B,B,B,B,B,B,B,A,A,A,A,A,A,A,A,A
1.933864039,B,B,H,A,A,A,A,H,H,H,H,H,H,-,A,A,A,A,A,H,B,A,A,A,A,A,A,A,A,A,A,A,A,-,A,A,A,A,A,A,A,A,A,A,A,A,H,H,H,H,A,A,A,H,H,H,H,H,H,H,H,H,H,H,H,B,B,H,H,H,H,H,H,H,H,H,H,H,A,A,H,H,H,H,H,H,H,A,A,A,H,H,B,H,H,H,H,H,A,A,A,A,H,H,H,H,H,H,H,B,B,B,B,B,B,B,B,B
1.592741827,H,H,H,H,H,H,H,H,H,A,A,A,A,H,H,H,H,H,H,H,B,B,B,B,B,H,H,H,H,B,B,B,B,B,B,B,B,B,B,B,B,B,B,B,B,B,H,H,H,H,A,A,A,A,B,B,B,B,B,H,H,H,H,H,H,B,B,A,A,A,H,H,H,H,H,H,H,B,B,B,B,B,B,B,H,H,H,H,H,H,H,H,H,B,B,B,B,B,B,B,B,B,B,B,B,B,B,B,B,A,A,A,A,A,A,A,A,A
1.57040014,H,H,A,H,B,B,B,B,B,B,B,B,B,B,B,B,B,B,B,B,H,H,H,H,H,H,H,H,A,A,A,A,A,A,A,A,A,A,A,A,A,A,A,A,A,B,B,H,H,H,B,B,B,B,B,B,B,B,B,B,B,H,H,H,H,B,B,B,B,B,B,B,H,H,H,H,H,H,H,H,A,A,A,A,A,A,A,A,A,A,A,A,A,A,H,H,A,A,A,A,A,A,A,-,A,A,A,H,H,H,H,H,H,H,H,B,H,H
1.630320998,H,H,B,B,B,B,-,-,B,H,H,H,A,A,A,A,A,H,H,B,H,H,H,H,H,H,H,H,H,H,H,H,H,H,H,H,H,H,H,-,A,-,A,A,A,H,H,B,-,B,H,H,H,H,H,H,H,H,H,H,H,A,A,A,A,H,-,A,A,A,-,A,-,A,A,A,-,A,A,A,A,A,A,A,A,A,H,H,H,H,H,H,H,H,H,H,H,H,H,H,H,A,B,B,B,B,B,-,B,A,A,A,A,A,A,H,H,H
0.947106782,A,A,A,B,B,B,B,B,B,-,B,B,B,B,H,H,H,H,H,B,B,H,H,H,A,A,H,H,H,H,H,H,H,H,H,H,H,H,H,H,H,H,H,H,H,B,H,A,A,A,A,A,-,A,B,B,B,B,B,B,B,B,B,B,B,B,H,B,B,B,B,B,B,B,B,B,B,H,H,H,H,H,H,H,H,H,H,H,H,H,H,H,H,A,A,A,A,A,A,A,A,A,A,A,A,A,H,H,H,A,A,A,A,A,A,A,A,A
1.122495264,H,H,B,H,A,A,A,H,H,H,H,H,A,A,H,H,H,H,H,H,H,H,H,H,H,H,H,H,H,H,H,H,H,H,H,H,H,B,B,B,B,B,B,B,B,A,H,H,H,H,H,H,H,H,B,H,B,B,B,H,H,H,H,H,H,B,H,H,H,H,H,H,H,H,H,H,H,H,H,H,H,H,H,H,H,B,B,B,H,H,H,H,A,A,A,A,H,B,B,B,B,B,H,A,A,A,H,H,H,B,B,B,B,B,B,H,H,H
1.306011569,H,B,B,H,H,H,H,H,H,A,A,A,A,A,A,A,H,H,H,H,H,H,H,H,H,B,B,H,H,H,H,H,H,H,H,H,H,H,H,B,B,B,B,B,B,B,A,A,A,A,H,H,H,H,H,H,H,H,H,H,H,A,A,A,A,A,H,H,H,H,H,H,H,H,H,H,H,B,B,B,H,H,A,H,H,H,H,H,H,H,A,A,H,H,H,H,H,H,H,H,H,H,A,A,H,H,H,A,A,H,H,H,H,H,H,H,H,H
2.036948338,A,A,A,H,H,H,H,H,H,B,B,B,B,B,B,B,H,H,-,B,H,H,H,H,H,H,H,A,A,A,A,A,A,A,A,A,A,A,A,A,A,A,A,H,H,B,H,H,H,A,A,A,A,A,H,H,H,H,H,H,H,H,H,H,H,H,B,A,A,A,A,H,H,H,H,H,H,H,H,H,H,H,H,H,H,H,H,H,H,H,A,A,A,A,H,H,B,B,B,B,B,B,H,A,A,A,A,H,H,A,A,A,A,A,A,B,B,B
1.544752408,-,H,A,H,A,A,A,A,A,-,B,B,B,B,-,A,-,-,-,B,B,-,-,-,-,B,B,-,B,-,-,-,H,A,H,-,H,A,A,B,-,H,H,H,-,B,-,B,-,H,B,-,B,B,-,-,-,-,B,B,-,A,-,A,A,A,-,B,A,-,-,H,H,-,-,-,B,B,B,B,-,B,B,B,-,B,H,H,H,H,-,B,-,B,-,B,-,B,-,B,-,A,A,-,H,A,A,-,A,-,-,A,A,A,A,A,-,A
1.62940208,A,A,A,A,A,A,A,H,H,H,H,H,H,H,H,B,B,B,B,A,A,H,H,H,H,B,B,H,H,B,B,B,B,B,B,B,B,B,B,B,B,B,B,B,B,B,A,B,B,B,B,B,B,B,H,H,H,H,H,H,H,H,H,H,H,H,H,H,H,H,H,H,H,H,H,H,H,H,B,B,H,H,H,H,H,H,A,H,H,H,H,H,H,H,H,H,H,H,H,H,H,B,B,B,B,B,B,B,B,H,H,H,H,H,H,H,H,H
1.888830054,H,H,H,A,A,A,A,A,A,A,A,A,B,B,H,H,H,H,H,H,H,B,B,B,B,H,H,B,B,B,B,B,B,B,B,B,B,B,B,B,B,B,B,B,B,B,H,A,A,H,B,B,B,B,A,A,A,A,A,A,A,A,A,A,A,H,B,H,H,H,H,B,B,B,B,B,B,B,H,A,H,H,H,H,B,B,B,B,-,B,B,B,H,H,B,B,B,B,B,B,B,A,B,B,H,H,H,H,H,H,-,H,H,H,H,H,H,H
1.497159092,H,H,H,H,H,H,H,H,H,H,H,H,H,B,B,B,B,B,B,H,H,H,H,H,H,A,A,B,B,B,B,B,B,B,B,B,B,B,B,B,B,B,B,B,B,H,H,H,H,H,H,H,H,H,B,B,B,B,B,H,H,H,H,H,H,H,H,B,B,H,H,H,H,H,H,H,H,A,A,A,H,H,H,H,H,H,H,H,H,H,-,B,H,B,B,B,B,H,H,H,H,H,A,A,A,A,A,A,A,B,B,B,B,B,B,H,H,H
0.947769808,B,B,B,B,B,B,B,-,A,A,A,A,A,A,A,A,A,A,A,H,H,-,A,A,A,H,H,H,H,B,B,B,B,B,B,B,B,H,H,H,H,H,H,H,A,H,B,B,B,B,H,H,H,H,H,H,H,H,H,H,H,H,H,H,H,H,B,B,B,B,H,H,H,H,H,H,H,A,A,A,A,A,A,A,H,H,H,H,H,H,H,H,A,B,B,B,B,B,B,B,H,H,B,H,H,H,H,H,H,B,B,B,B,B,B,B,B,B
1.769414849,A,A,H,H,H,H,H,H,H,H,H,H,H,H,H,H,H,H,H,H,B,H,H,H,H,B,B,B,B,H,H,H,H,H,H,H,H,H,H,H,H,B,B,B,B,B,H,H,H,H,H,H,H,H,H,H,H,H,H,H,B,B,B,-,B,B,B,H,H,B,B,B,-,B,B,B,B,B,B,B,B,B,B,B,H,A,A,H,H,H,H,H,H,A,H,H,H,-,A,A,A,H,H,H,H,H,H,H,H,B,B,B,B,B,B,B,B,B
2.000953931,H,H,A,H,H,H,H,H,H,H,H,H,B,B,B,B,B,H,H,B,B,B,B,B,B,H,H,A,A,A,A,A,A,-,A,A,A,A,A,A,A,A,A,A,A,B,B,B,B,B,B,B,B,B,B,B,B,B,B,H,H,H,H,H,H,H,H,H,H,H,-,H,H,H,H,H,H,B,H,H,B,B,-,B,-,B,B,H,H,H,H,H,H,H,H,H,H,H,H,H,H,H,A,A,A,A,A,A,A,H,H,H,H,H,H,A,A,A
1.307558807,H,H,A,H,H,H,H,H,H,H,H,B,B,B,B,B,B,B,H,H,H,H,H,H,H,H,A,B,B,B,B,B,B,B,B,B,B,H,H,H,H,H,H,H,H,A,H,A,A,A,A,A,A,A,B,B,B,B,B,B,B,B,B,B,B,B,A,A,A,A,A,A,A,A,A,A,H,H,H,H,H,H,H,H,-,H,H,H,H,H,H,H,A,B,H,H,H,H,H,H,H,H,A,A,A,A,A,H,H,-,A,A,A,A,A,H,H,H
1.21784192,H,H,H,H,H,H,H,H,H,H,H,B,H,H,H,H,H,H,H,H,H,A,A,H,H,H,H,B,B,B,B,B,B,B,B,B,B,B,B,B,B,B,B,H,H,H,H,H,H,H,A,H,H,H,H,H,H,H,H,B,B,B,B,B,B,H,H,H,H,H,H,H,H,H,H,H,B,H,H,H,H,H,H,H,H,H,H,H,H,H,A,A,A,H,A,A,-,A,A,A,A,A,A,A,A,A,A,A,A,H,H,H,H,H,H,B,B,B
1.518167028,A,A,A,A,A,A,A,H,H,B,B,B,B,B,B,B,B,B,B,B,B,B,B,B,B,B,B,A,A,A,A,A,A,A,A,A,A,A,-,H,H,H,H,H,H,A,B,H,H,H,B,B,B,B,H,H,H,H,H,H,H,H,H,H,H,H,B,B,B,B,-,H,H,H,H,H,H,H,H,A,B,B,B,B,B,H,H,A,A,A,A,A,H,A,A,A,A,A,A,A,A,A,A,A,A,A,A,A,A,H,H,H,H,H,H,H,B,B
1.178659161,B,B,B,B,B,B,B,B,B,B,B,B,B,B,B,B,B,B,B,H,H,B,B,B,B,B,B,A,A,-,A,A,A,A,A,A,A,A,A,H,H,H,H,H,H,H,H,H,H,H,H,H,H,H,B,B,B,B,B,B,B,H,H,H,H,H,H,H,H,H,H,H,H,H,H,H,H,B,B,B,H,H,H,H,A,A,A,A,A,A,H,H,H,A,H,H,H,H,H,H,H,H,H,H,B,B,B,B,B,H,H,H,H,H,H,A,A,A
1.423408293,H,H,H,A,A,A,A,A,A,H,H,H,B,B,B,H,H,H,H,H,H,B,B,B,B,H,H,B,B,H,H,H,H,H,H,H,H,A,A,H,H,H,H,H,H,B,H,A,A,A,A,H,H,H,H,H,H,H,H,H,H,H,H,H,H,B,B,B,B,B,B,H,A,A,A,A,A,H,H,H,B,B,B,B,B,B,B,B,-,B,B,B,B,B,B,B,B,B,B,B,B,H,H,H,H,H,H,H,H,B,B,B,B,B,B,H,A,A
1.12107406,B,B,-,H,-,H,-,-,-,A,A,A,A,A,A,A,-,-,A,H,A,-,H,H,H,-,-,B,B,H,H,-,H,H,H,-,-,B,B,B,B,B,B,B,B,B,-,B,B,B,B,B,B,B,H,-,H,H,-,-,-,A,B,-,-,H,H,H,-,A,A,A,A,A,A,A,A,A,H,-,-,H,H,-,H,-,-,A,A,A,A,A,-,H,-,H,-,H,A,-,-,H,A,A,H,H,H,H,H,B,B,B,B,B,B,H,H,-
1.312494111,H,H,H,H,H,H,H,H,H,H,H,H,H,H,H,H,A,A,A,H,H,B,B,B,B,A,A,H,H,H,H,H,H,H,H,H,H,H,H,H,H,H,H,H,H,H,B,H,H,H,H,H,H,H,H,H,H,H,H,H,H,B,B,B,B,A,A,A,A,A,A,A,A,A,A,A,A,H,B,B,A,A,A,A,A,H,H,H,B,B,B,B,H,B,B,B,B,B,B,B,B,B,A,A,A,A,A,H,H,H,H,H,H,H,H,A,H,H
1.364933197,A,A,B,B,H,H,H,H,H,H,H,H,H,H,H,H,H,H,H,H,B,B,B,H,H,H,H,B,B,B,H,H,H,H,H,H,H,H,A,A,A,A,A,A,A,H,H,B,B,B,H,H,H,H,A,A,A,A,A,H,H,H,H,H,H,H,H,H,H,H,A,A,A,A,A,A,A,A,A,A,A,A,H,H,H,H,B,B,B,B,B,B,B,H,H,H,H,H,H,H,H,H,B,B,H,H,H,H,H,B,B,B,B,B,B,B,B,B
1.15797068,B,B,B,B,B,B,B,B,B,B,B,B,B,B,B,B,B,B,B,A,A,B,B,B,B,A,A,H,H,A,A,A,A,A,A,A,A,A,H,H,H,H,H,H,H,A,B,H,H,H,H,H,H,H,B,B,B,B,B,B,B,B,B,B,B,H,H,H,H,A,A,A,A,A,A,A,A,B,B,B,H,H,H,H,H,H,B,B,B,B,H,H,A,B,H,H,H,H,H,H,H,H,B,B,B,B,B,H,A,H,H,H,H,B,B,H,H,H
1.378714606,A,A,A,H,H,H,H,H,H,H,H,H,A,A,A,A,H,H,H,H,B,B,B,B,B,A,-,H,H,H,H,H,H,H,H,H,H,A,A,A,A,A,A,A,A,A,B,B,B,B,B,H,H,H,A,A,-,A,A,A,A,A,A,A,A,A,A,A,A,A,H,H,H,H,H,H,H,A,H,H,H,H,H,H,H,H,H,H,H,H,H,H,B,B,H,H,H,A,A,A,A,A,H,H,H,H,B,B,B,B,B,B,B,B,B,B,B,B
1.236818347,B,B,B,A,A,A,A,A,A,A,A,A,H,H,H,H,A,A,A,A,A,H,H,H,H,H,H,B,H,A,A,A,A,A,A,A,A,A,A,A,A,A,A,A,A,A,B,A,A,A,H,H,H,A,H,H,H,H,H,H,H,A,A,A,A,A,H,B,B,H,H,A,A,A,A,A,A,H,H,H,A,A,A,A,A,A,A,A,A,A,A,A,H,A,H,H,H,H,H,H,H,B,A,A,A,A,A,A,A,H,H,H,H,H,H,-,H,H
1.674884526,A,A,A,A,A,A,A,A,A,A,A,A,A,H,H,H,H,H,H,B,H,H,H,H,H,B,B,H,H,H,H,H,H,H,H,H,H,H,H,H,H,A,A,H,H,H,A,A,A,A,B,B,B,B,H,H,H,H,H,H,H,H,H,H,H,H,A,H,H,H,H,H,H,H,H,H,H,H,B,B,A,A,A,A,A,A,A,A,A,A,A,A,H,A,H,H,H,H,H,H,A,A,A,A,A,A,A,H,H,H,H,H,H,H,H,H,H,H
1.044207923,A,A,H,B,B,H,H,H,H,B,B,B,B,B,H,H,B,B,B,B,B,B,B,B,B,A,A,H,H,-,B,B,B,B,B,B,H,H,H,H,H,H,H,H,H,H,A,H,H,H,H,H,H,B,H,H,H,H,H,H,H,-,A,A,A,A,H,H,H,A,A,A,A,A,A,A,H,H,H,H,H,H,H,H,H,H,B,B,B,B,B,B,B,H,B,B,H,H,H,H,H,H,-,H,H,H,H,H,H,B,B,H,H,H,H,H,H,H
1.162714994,B,B,B,H,A,A,A,A,A,H,H,B,B,H,H,H,H,H,H,A,H,B,B,B,B,H,H,B,B,B,B,B,B,B,B,B,B,B,B,B,B,B,B,B,H,H,H,H,H,H,H,H,H,A,H,H,H,H,H,H,H,H,H,H,H,B,H,B,B,B,B,H,H,H,H,H,H,B,B,B,H,H,H,H,H,H,H,H,H,H,H,H,B,H,H,H,B,B,B,B,H,H,A,A,H,H,H,H,H,B,B,B,B,B,B,H,H,H
1.672748659,A,A,A,H,A,A,A,A,A,A,A,A,-,A,H,H,H,H,H,B,B,B,B,B,B,B,B,H,H,A,A,A,A,A,A,A,A,H,H,-,H,B,B,B,H,A,H,B,B,B,H,H,H,H,H,H,H,H,B,B,B,B,B,B,B,H,H,H,H,H,H,A,A,A,A,A,A,H,H,H,H,H,H,H,H,H,H,H,H,H,H,H,H,B,H,H,H,B,B,B,H,H,B,B,B,B,B,B,B,H,H,H,H,-,H,A,A,A
1.383812076,H,H,H,A,A,A,A,H,H,H,H,B,H,H,H,H,H,H,H,H,H,B,B,B,B,H,A,H,H,H,H,H,H,H,H,H,H,H,H,H,H,H,H,H,H,H,H,H,H,H,H,H,H,-,H,H,H,H,H,-,H,B,B,-,B,B,H,B,B,B,B,B,B,B,B,B,B,B,B,B,H,H,H,H,H,H,A,H,H,H,H,H,H,H,A,A,A,A,-,A,A,A,H,H,H,H,A,A,A,A,A,A,A,A,A,A,H,H
0.987382314,H,H,H,H,H,H,H,H,H,H,H,B,B,B,B,B,B,B,B,H,A,A,A,A,A,A,A,B,B,B,B,B,B,B,B,B,B,B,H,A,A,A,A,A,A,A,A,H,H,H,H,H,H,B,H,H,H,H,H,H,H,H,H,H,H,A,H,H,H,H,H,H,H,H,H,H,H,B,B,H,A,A,A,A,A,A,A,A,A,A,A,A,A,A,A,A,A,A,H,H,H,B,H,B,H,H,H,A,A,A,A,A,A,A,A,H,H,H
1.331938383,H,H,H,H,H,H,H,A,A,A,A,A,A,A,A,A,A,A,A,B,B,B,B,B,B,H,H,H,H,H,H,H,H,H,H,H,H,H,H,A,A,A,H,H,H,H,H,H,H,H,A,A,A,A,A,A,A,A,A,H,H,H,H,H,H,A,A,A,A,A,A,A,A,A,A,A,H,A,A,A,A,A,A,A,A,H,H,H,H,H,A,A,A,H,H,H,H,H,H,B,B,B,B,B,B,B,B,H,H,B,B,B,B,B,B,B,B,B
1.471454998,H,B,B,B,B,B,B,H,H,H,H,H,H,H,H,H,B,B,B,H,B,H,H,H,H,B,B,H,H,H,H,H,H,H,H,H,H,H,H,H,H,H,H,H,H,A,B,B,B,B,H,H,H,H,B,B,B,B,B,B,B,B,B,B,B,H,A,B,B,B,A,A,A,A,A,A,A,A,A,A,B,B,B,B,B,B,B,B,B,B,B,B,B,H,H,H,H,H,H,H,H,B,B,B,B,B,B,H,H,H,H,H,H,H,H,H,H,H
1.230112235,H,H,-,B,B,B,B,H,H,H,H,H,H,H,H,H,H,H,H,A,A,H,H,H,H,A,A,H,H,H,H,H,H,H,H,H,H,H,B,B,B,B,B,B,B,H,H,H,H,H,H,H,H,B,H,H,H,H,H,H,H,H,H,H,H,A,A,H,H,H,A,A,A,A,A,A,A,B,B,B,B,B,B,-,B,B,B,H,H,H,H,H,A,H,A,A,A,A,A,A,A,A,B,B,B,H,H,H,H,H,H,H,H,H,H,H,A,A
1.224414421,H,H,H,H,H,H,H,H,H,H,H,H,H,H,H,H,H,H,H,B,H,B,B,B,B,B,B,H,H,H,H,H,H,H,H,H,H,H,H,H,H,H,H,H,H,A,A,B,B,B,H,H,H,H,A,A,A,A,A,A,A,H,H,H,H,B,H,A,A,A,A,A,A,A,A,A,A,A,A,A,B,B,B,B,B,H,H,H,H,H,H,H,A,B,B,B,H,H,H,H,H,H,H,H,H,H,H,H,H,A,A,A,A,A,A,A,A,A
1.641810198,A,A,A,H,H,H,H,H,H,B,B,B,B,B,B,B,B,B,B,A,A,H,H,H,H,A,A,B,B,A,A,A,A,A,A,A,A,A,A,A,A,H,H,H,H,B,H,H,H,H,A,A,A,H,H,H,H,H,H,H,H,H,H,H,H,B,H,B,B,B,H,H,H,H,H,H,H,A,H,H,H,H,H,H,H,H,H,H,H,H,H,H,H,B,H,H,H,H,H,H,H,H,H,H,H,H,H,H,B,B,B,B,B,B,B,A,A,A
1.669401915,B,B,H,H,H,H,H,H,H,H,H,H,H,H,A,A,A,A,A,H,H,H,H,H,H,A,A,H,H,H,H,H,H,H,H,H,H,H,H,H,H,H,H,H,H,H,H,H,H,H,H,A,A,A,A,A,A,A,A,A,A,A,A,A,A,A,A,H,H,H,H,H,H,H,H,H,H,H,H,H,H,H,H,H,A,H,H,H,H,H,H,H,H,A,A,A,A,A,A,A,A,A,B,B,B,B,B,B,B,H,H,A,A,A,A,A,A,A
2.045503177,B,B,B,H,H,H,H,A,A,A,A,A,A,A,A,A,A,A,A,B,A,A,A,A,A,A,A,H,H,H,H,H,H,H,H,H,H,A,H,H,H,H,H,H,H,H,H,H,H,H,A,A,A,H,H,H,H,H,H,H,-,A,A,A,A,A,H,A,A,A,A,H,H,H,H,H,H,H,H,H,B,B,B,B,B,B,B,B,B,B,B,B,B,A,A,A,A,A,A,A,A,A,B,B,B,B,B,H,H,H,H,H,H,H,H,A,A,A
1.281613703,B,B,B,H,H,H,H,H,H,H,H,H,H,H,H,H,H,H,H,A,H,B,B,B,B,B,B,B,B,B,B,B,B,B,B,B,B,B,B,B,B,B,B,B,H,H,H,H,H,H,A,H,H,H,H,H,H,H,H,A,A,A,A,A,A,H,H,B,B,B,B,B,B,B,B,B,H,H,H,B,H,H,H,H,H,H,H,H,H,H,H,H,H,H,H,H,H,H,A,A,A,B,A,A,H,H,H,H,H,H,H,H,H,H,H,H,H,H
1.158976526,A,A,A,H,H,H,H,H,-,B,B,B,B,B,H,H,H,A,A,B,B,B,B,B,B,B,B,A,A,H,H,H,H,H,H,H,H,H,H,A,A,A,A,A,A,H,H,H,H,A,A,A,A,A,A,A,A,A,A,A,A,A,A,A,A,A,H,A,A,H,H,H,H,H,H,H,H,A,A,H,B,B,B,B,H,H,B,B,B,B,H,H,A,H,B,B,B,B,B,B,B,B,H,H,B,B,B,B,B,B,B,B,B,B,B,H,H,H
1.83291659,H,H,B,B,B,B,B,B,B,B,B,B,H,H,H,H,H,H,H,B,H,B,B,B,B,H,H,H,H,B,B,B,B,B,B,B,B,B,H,H,H,H,H,H,H,H,A,H,H,H,H,A,A,A,B,B,B,B,B,B,B,B,B,B,B,B,B,B,B,B,B,B,B,B,B,B,B,H,H,A,A,A,A,A,A,A,A,H,H,H,H,H,H,H,H,H,H,H,H,H,H,A,B,H,H,H,H,H,H,H,H,H,H,H,H,H,H,H
1.693143706,B,B,B,B,B,-,B,H,H,H,H,H,H,H,H,H,A,A,A,A,B,H,H,H,H,B,B,B,B,H,H,H,H,H,H,H,H,H,H,H,H,H,B,B,B,H,A,H,H,H,H,H,H,H,H,H,H,B,B,B,B,B,B,B,B,B,B,H,H,H,H,A,A,A,A,A,A,B,B,B,H,H,H,H,A,A,A,A,A,A,A,A,A,B,B,B,B,B,B,B,B,B,H,H,A,A,A,A,A,A,A,A,A,A,A,A,A,A
0.936369609,H,H,H,H,H,H,H,H,H,H,H,H,H,H,H,H,H,H,H,H,H,H,H,H,H,H,H,A,A,H,H,H,H,H,H,H,H,A,H,B,B,B,B,B,B,B,B,B,B,B,B,B,B,B,H,-,H,H,A,A,A,A,A,A,A,A,A,H,H,B,B,B,B,B,B,B,B,B,H,H,H,H,H,H,B,B,B,B,B,B,B,B,H,B,B,B,B,H,H,H,H,B,H,H,H,H,H,H,H,H,H,H,H,H,H,H,H,H
1.188461268,A,A,A,A,A,A,A,H,H,H,H,H,H,H,H,H,A,A,A,H,H,A,A,-,A,H,H,H,H,A,A,A,A,A,A,A,A,A,A,A,A,A,A,-,A,H,H,H,H,H,H,H,H,H,H,H,H,H,H,H,H,H,H,H,H,A,H,B,B,B,B,B,B,B,B,B,B,B,H,H,A,A,A,A,H,H,H,H,H,H,H,H,H,H,A,A,A,A,H,H,H,H,H,H,H,H,H,H,H,H,H,H,H,H,H,A,A,A
1.739005361,H,H,-,A,A,A,A,A,A,H,H,H,H,H,H,H,H,H,B,B,H,H,H,H,H,H,H,A,A,H,H,H,H,H,H,H,H,H,H,-,H,H,-,H,H,B,H,H,H,H,H,H,H,H,A,A,A,-,A,A,A,A,A,A,A,H,H,H,H,H,A,A,A,A,A,A,A,A,A,A,B,B,B,B,B,B,B,B,B,B,B,B,B,B,B,B,B,B,B,B,B,B,B,B,B,B,B,B,B,H,H,H,H,H,H,H,H,H
1.050786372,H,B,B,B,B,B,B,H,B,-,H,B,B,-,B,H,H,H,H,H,H,B,B,B,B,A,A,H,H,H,H,H,H,H,H,H,H,H,H,H,H,H,H,H,H,H,B,H,H,H,H,H,H,H,H,H,H,H,H,H,H,H,H,H,H,B,B,A,A,A,A,A,A,A,A,A,A,B,B,B,H,H,H,H,H,A,A,A,A,A,H,H,H,H,B,B,B,B,B,B,B,B,H,A,A,-,A,A,A,A,A,A,A,A,A,A,A,A
1.710430473,H,H,A,H,A,A,A,A,A,H,H,H,A,A,A,A,H,H,H,H,H,A,A,A,A,A,A,B,B,B,B,B,B,B,B,B,B,B,B,B,B,B,B,B,B,B,B,H,H,H,H,H,H,H,H,H,H,H,H,H,H,H,H,H,H,H,B,H,H,H,H,H,H,H,H,H,H,H,B,B,H,H,H,H,A,A,A,A,A,A,H,H,H,B,H,H,H,H,A,A,A,A,H,H,H,H,H,A,A,H,H,H,H,H,H,H,H,H
1.116917402,H,B,B,H,B,B,B,H,H,H,H,H,H,A,A,A,A,A,A,A,H,B,B,B,B,A,A,H,A,A,A,A,A,A,A,A,A,H,H,H,H,H,H,H,H,B,H,B,B,B,H,H,H,A,A,-,A,A,A,A,A,A,A,A,A,A,A,A,A,A,A,H,H,H,H,H,H,H,H,H,B,B,B,B,B,B,B,B,B,-,B,B,H,A,H,H,H,H,H,H,H,B,H,H,H,H,H,H,H,H,H,H,H,H,H,H,H,H
1.555612533,B,B,B,B,B,B,B,H,H,H,H,H,H,H,H,H,H,H,H,H,H,H,H,H,H,H,H,A,A,H,B,B,B,B,B,B,B,B,B,B,B,B,B,H,H,H,H,B,B,B,A,A,A,A,B,B,B,B,B,H,H,H,H,H,H,B,B,A,A,H,H,H,H,H,H,H,B,H,A,A,H,H,H,H,H,H,H,H,H,H,B,B,B,B,H,H,H,H,H,H,H,H,H,H,B,B,H,H,H,H,H,H,H,H,H,H,H,H
1.56997365,A,A,B,B,B,B,B,B,B,H,H,H,A,A,A,A,A,A,A,H,B,B,B,H,H,H,H,H,-,H,H,A,A,A,A,A,A,H,H,H,H,H,H,H,H,H,B,B,B,H,H,H,H,H,A,A,A,A,A,A,A,H,H,H,H,H,A,A,A,A,A,H,H,H,H,H,H,H,H,H,H,H,H,H,H,H,A,A,A,A,A,A,A,A,H,H,B,B,B,B,B,B,H,H,H,H,H,B,B,H,H,H,H,H,H,A,A,A
1.946576136,H,A,A,A,A,A,A,A,A,H,H,H,H,H,H,H,A,A,A,A,H,H,H,H,H,H,H,H,H,A,A,A,A,A,A,A,A,A,A,B,B,B,B,B,H,H,H,A,A,A,H,H,H,H,H,H,H,H,H,H,H,B,B,B,B,B,H,H,H,H,H,A,A,A,A,A,A,H,H,H,H,H,H,H,H,H,A,A,A,A,A,A,A,A,B,B,B,B,B,B,B,H,H,H,A,A,A,A,A,H,H,H,A,A,A,H,H,H
1.440000349,A,H,H,B,B,B,-,A,A,A,A,H,H,H,H,H,H,H,H,A,H,A,A,A,A,H,H,B,B,H,H,H,H,H,H,H,H,H,H,H,H,H,H,H,H,H,H,H,H,H,H,H,H,H,A,A,A,A,A,A,A,A,A,A,A,A,H,B,B,B,B,B,B,B,B,B,B,H,H,H,B,B,B,B,B,B,B,B,B,B,B,B,B,H,H,H,H,H,H,H,H,H,H,H,A,A,A,A,A,B,B,H,H,H,H,H,A,-
1.316431228,H,H,H,H,H,H,H,A,A,A,A,A,-,A,A,A,A,A,A,B,B,B,B,B,B,B,B,H,H,H,H,H,H,H,H,H,H,H,A,H,H,H,H,H,H,H,H,H,H,H,A,A,A,A,A,A,A,A,A,A,A,A,A,A,A,A,B,B,B,B,B,B,B,B,B,B,B,H,A,A,H,H,H,H,H,H,A,A,A,A,H,H,H,H,H,H,H,B,B,B,B,H,A,A,A,A,A,A,A,H,H,H,H,H,H,A,A,A
2.176786602,B,B,B,H,H,H,H,H,H,H,H,H,H,H,H,H,H,H,H,H,H,H,H,H,H,H,H,B,B,H,H,H,H,H,H,H,H,B,B,H,H,H,H,H,H,A,A,A,A,A,H,H,H,H,B,B,B,B,-,H,H,H,H,H,H,B,B,B,B,B,B,B,B,B,B,B,B,H,A,A,H,H,H,H,H,H,B,B,B,B,H,H,H,H,H,H,H,H,H,H,H,H,A,A,A,A,A,A,A,A,A,A,A,A,A,A,A,A
1.32224399,H,H,H,H,A,A,-,A,A,A,A,A,A,A,H,H,H,H,H,B,H,H,H,H,H,A,A,H,H,H,H,H,H,H,H,H,H,H,H,H,H,H,H,H,H,H,B,B,B,B,B,H,H,H,H,H,H,H,H,H,H,H,H,H,H,H,-,H,H,H,H,H,H,H,H,H,H,H,H,H,H,H,H,H,H,B,B,B,B,B,B,B,B,A,H,H,H,H,H,H,H,H,B,B,B,H,H,H,H,H,H,H,H,H,H,H,H,B
1.048982707,B,B,B,H,H,H,H,H,H,H,H,H,B,B,B,B,B,B,B,H,A,H,H,H,H,A,A,B,B,B,B,B,B,B,B,B,B,B,B,B,B,B,B,B,B,B,H,H,H,H,H,H,A,A,H,H,H,H,H,H,H,H,H,H,H,A,H,H,H,H,H,H,H,H,H,H,H,H,H,H,H,H,A,A,A,A,A,A,A,A,A,A,H,H,H,H,H,H,H,H,A,A,A,H,H,H,H,H,H,H,H,H,H,H,H,H,H,H
1.501675823,H,H,H,H,B,B,B,H,H,A,A,H,A,A,H,H,H,H,H,H,H,A,A,A,A,H,H,B,B,H,H,H,H,H,H,H,H,B,B,B,B,B,B,B,B,B,H,H,H,A,A,H,H,H,B,B,B,B,B,B,B,H,H,H,H,H,H,B,B,B,B,B,H,H,H,H,H,A,H,H,H,H,H,H,H,H,H,H,H,H,H,H,H,B,H,H,B,B,B,B,B,H,B,H,H,H,H,H,A,B,B,B,B,B,B,B,B,B
1.674028382,H,H,B,H,H,H,H,H,H,H,H,A,A,A,A,A,A,A,A,H,H,B,B,B,B,B,B,H,H,H,H,H,H,H,H,H,H,H,A,H,H,H,H,H,H,H,B,H,H,H,H,H,H,A,B,B,B,B,B,B,B,B,B,B,B,A,H,A,A,H,H,H,H,H,H,H,A,A,H,H,B,B,B,B,A,A,H,H,H,H,H,H,H,A,A,A,A,H,H,H,H,H,B,B,B,B,B,H,H,H,H,H,H,H,H,H,H,H
2.440681448,A,A,A,B,B,B,B,B,B,H,H,H,H,H,H,H,H,H,H,B,H,H,H,H,H,H,H,B,H,H,H,H,H,H,H,H,H,H,H,H,H,H,H,H,H,A,H,H,H,H,A,A,A,H,H,H,H,H,H,-,B,H,H,H,H,H,H,A,A,A,A,A,A,A,A,A,A,H,H,H,H,H,H,H,H,H,H,H,H,H,H,H,H,H,H,H,H,H,H,H,H,H,B,B,B,B,B,B,B,H,H,H,H,H,H,H,H,H
1.564432495,H,H,B,H,H,H,H,H,H,H,H,H,H,H,H,H,H,H,H,H,A,A,A,A,A,A,A,B,B,H,H,H,H,H,H,H,H,A,A,H,H,H,H,H,H,B,H,H,H,H,H,H,H,H,H,H,H,H,H,H,H,H,H,H,H,H,H,A,A,A,A,A,A,A,A,A,A,H,H,H,H,H,B,B,B,B,B,A,A,A,A,A,A,A,H,H,H,H,H,H,H,B,H,H,A,A,H,H,H,H,H,H,H,H,-,H,H,H
1.588313616,A,A,A,A,A,A,A,A,A,A,A,A,-,A,A,A,A,A,A,H,H,H,H,H,H,B,B,A,A,A,A,A,A,A,A,A,-,A,-,A,A,A,A,A,A,H,A,A,A,A,H,H,H,H,H,H,H,H,H,H,H,H,H,H,H,H,H,H,H,H,H,H,H,H,H,H,H,B,H,H,B,B,B,B,B,B,H,H,H,H,H,H,A,B,H,H,H,H,H,H,H,B,A,-,H,H,H,-,B,H,H,H,H,H,H,H,-,B
1.527855111,H,H,H,A,A,A,A,H,H,H,H,H,H,H,H,H,H,H,H,A,A,H,H,H,H,B,B,A,A,H,H,H,H,H,H,H,H,H,H,-,H,H,H,H,H,B,B,H,H,B,H,H,H,H,B,B,B,B,B,B,B,B,B,B,B,B,B,A,A,A,A,H,H,H,H,H,H,B,B,B,H,H,H,H,B,B,H,H,H,H,A,A,A,H,A,A,A,A,A,A,A,A,H,H,H,H,B,B,B,B,B,B,B,B,B,B,B,B
1.207157353,H,H,H,H,H,H,H,A,A,A,A,A,A,A,A,A,H,H,H,H,A,A,A,A,A,H,H,A,A,A,A,A,A,A,A,A,A,H,H,H,H,H,H,H,B,B,B,B,B,B,B,B,B,B,H,H,H,H,H,A,A,A,A,A,A,A,B,H,H,H,B,H,H,H,H,H,H,H,H,H,H,H,H,H,H,H,H,H,A,A,H,H,B,B,B,B,B,B,H,H,H,H,H,H,H,A,A,A,A,A,A,A,A,A,A,H,H,H
1.311776718,B,B,B,B,B,B,B,B,B,B,B,B,B,B,B,B,H,H,H,A,H,H,H,H,H,H,H,H,H,H,H,H,H,H,H,H,H,H,H,-,A,A,A,A,A,H,B,H,H,H,A,A,A,H,B,B,B,B,B,B,B,B,H,H,H,A,A,B,B,B,A,A,A,A,A,A,A,H,H,H,H,H,H,H,H,H,B,B,B,B,B,B,B,H,B,B,B,B,B,B,B,B,B,B,B,B,H,H,H,A,A,A,A,A,A,B,B,B
1.340090409,H,H,H,B,B,B,B,H,H,H,H,H,H,H,H,H,H,H,H,H,H,H,H,H,H,A,A,B,B,H,H,H,H,H,H,H,H,B,B,B,B,B,B,H,H,H,A,A,A,A,A,A,A,H,H,H,H,H,H,H,H,H,H,H,H,B,B,H,H,H,H,H,H,H,H,B,B,B,H,H,H,H,B,B,H,H,H,H,-,H,A,A,A,H,B,B,B,B,-,B,B,H,A,A,A,A,A,A,A,A,A,A,A,A,A,H,H,H
2.678331227,H,H,H,H,A,A,A,A,A,A,A,A,A,A,A,A,H,H,H,B,A,A,A,A,A,H,H,B,B,B,B,B,B,B,H,H,H,H,A,A,A,A,A,A,A,A,A,A,A,A,H,H,H,H,H,H,H,H,H,B,B,B,B,B,B,A,H,H,H,H,H,H,B,B,B,B,H,H,H,H,B,B,B,B,B,B,B,B,B,B,H,H,A,A,H,H,H,H,H,H,H,H,B,B,B,B,B,B,B,A,A,A,A,A,A,A,A,A
1.362363617,A,A,A,H,A,A,A,A,A,A,A,A,A,A,A,A,A,A,A,H,H,H,H,H,H,H,H,A,A,H,H,H,H,H,H,H,H,H,B,B,B,B,B,B,B,B,H,H,H,H,H,H,H,H,B,B,B,B,B,B,B,B,B,B,B,H,A,B,B,B,B,H,H,H,H,H,H,H,H,B,H,H,H,H,H,H,H,H,H,H,H,H,B,B,B,B,B,B,B,B,B,A,B,B,B,B,B,H,H,H,H,H,H,H,H,B,B,B
1.248873585,H,H,-,B,H,H,H,H,H,H,H,H,H,H,H,H,H,H,H,H,H,H,H,H,H,H,H,A,A,H,H,H,H,H,H,H,H,H,H,H,H,H,H,H,H,H,H,H,H,-,H,H,H,H,H,H,H,H,H,B,B,B,B,B,B,B,H,H,H,A,H,H,H,H,H,H,H,H,H,H,B,B,B,B,H,H,H,H,B,B,B,B,H,H,B,-,B,B,B,B,H,H,H,H,A,A,A,A,A,B,B,B,B,B,B,H,H,H
1.134620277,H,H,B,B,B,B,B,B,B,H,H,A,A,A,A,A,A,A,A,H,H,A,A,A,A,H,H,H,H,H,H,H,H,H,H,H,H,H,B,B,B,B,B,B,H,A,B,A,A,A,H,H,H,B,A,A,A,A,A,A,A,A,A,A,A,H,B,H,H,H,H,H,H,H,H,H,H,H,H,H,A,A,A,A,A,A,H,H,H,H,A,A,H,B,H,H,H,H,H,H,H,A,A,H,H,H,H,H,H,H,H,H,H,H,H,B,B,B
1.528081941,H,H,H,H,H,H,H,H,H,B,B,B,B,B,B,B,B,B,B,B,B,-,B,B,B,H,H,H,H,H,H,H,H,H,H,H,H,H,H,H,H,H,H,H,H,A,A,A,A,A,B,B,B,B,A,A,A,A,A,H,H,H,H,H,H,B,H,A,A,A,A,A,A,A,A,A,A,A,H,H,B,B,B,B,B,H,H,H,H,H,H,H,A,A,H,H,H,H,B,B,B,B,H,H,H,H,B,B,B,H,H,H,H,H,H,H,A,A
1.842967292,B,B,B,H,H,H,H,H,H,B,B,B,B,B,B,B,B,B,B,B,B,H,H,H,H,H,H,H,H,H,H,H,H,H,H,H,H,H,H,H,H,H,H,H,H,A,B,A,A,A,B,B,B,H,H,H,H,H,H,H,H,B,B,B,B,H,H,H,H,H,H,H,H,H,H,H,A,A,A,H,A,A,A,A,A,A,A,A,A,-,A,A,A,A,H,H,H,H,H,H,H,H,H,H,H,H,H,H,H,H,H,H,H,H,H,A,A,A
1.517571775,H,H,H,A,A,A,A,H,H,H,H,H,B,B,B,B,B,B,B,A,H,H,H,H,H,A,A,A,H,A,A,A,A,A,A,A,A,A,A,A,A,A,A,A,H,H,H,H,H,H,H,H,H,H,H,H,H,H,H,H,H,H,H,H,H,B,H,H,H,H,H,H,H,H,H,H,H,B,B,B,H,H,H,H,B,H,H,H,H,H,H,H,H,H,H,H,H,H,H,H,H,H,A,H,B,B,B,B,B,H,H,H,H,H,H,H,H,H
1.317422308,A,H,-,A,A,A,A,B,B,B,B,B,H,H,-,A,A,-,A,H,A,-,B,B,B,H,-,H,H,H,H,-,-,-,H,-,H,H,-,-,H,H,H,H,H,H,-,B,H,H,B,-,B,B,H,H,-,H,-,-,-,H,H,-,H,H,H,A,A,A,A,A,A,A,A,A,A,-,-,H,A,A,H,H,H,-,H,H,H,-,H,H,H,-,H,B,A,H,-,A,A,A,A,A,A,H,-,H,H,-,H,H,H,-,H,A,-,A
1.512775212,H,B,B,H,A,A,A,A,A,H,H,H,H,H,B,B,B,B,B,B,H,A,A,A,A,A,A,A,H,A,A,A,-,A,A,A,A,A,A,H,H,H,H,H,H,H,H,B,B,B,B,B,B,H,B,B,B,B,B,B,B,B,B,B,B,A,A,H,H,H,H,H,H,H,H,H,H,H,H,H,B,B,B,B,B,B,B,H,H,H,H,H,H,H,H,H,H,H,H,H,H,H,A,A,A,A,A,H,H,A,A,A,A,A,A,H,H,H
1.189831489,A,A,-,H,H,H,H,B,B,H,H,H,H,H,-,H,H,H,H,A,A,-,B,B,B,B,B,A,A,A,A,-,A,A,A,A,A,A,H,H,H,H,H,H,H,A,B,H,H,H,A,A,A,A,A,A,A,A,A,A,A,A,A,A,-,A,A,H,H,H,H,A,A,A,A,A,A,A,A,A,H,H,H,H,H,H,H,-,H,H,H,H,H,B,H,-,H,H,H,H,H,H,-,B,B,B,B,H,H,A,A,A,A,A,A,H,-,H
1.70456778,H,H,H,H,H,H,H,B,B,B,B,H,H,H,B,B,B,H,H,H,H,H,H,H,H,H,H,A,A,H,H,H,H,H,H,H,H,B,-,-,B,B,B,B,B,H,B,A,-,A,B,B,B,B,B,B,B,B,B,B,B,B,B,B,B,B,B,H,H,H,H,B,B,B,B,B,B,H,-,A,A,A,A,A,A,A,A,A,A,A,A,A,A,H,H,H,H,H,H,H,H,A,H,H,H,H,H,H,H,A,A,H,H,H,H,H,H,H
1.443776802,A,A,A,H,H,H,H,H,H,H,-,H,H,B,B,B,B,-,H,H,B,B,B,B,B,B,B,B,B,A,A,A,-,A,A,-,A,A,A,-,H,H,H,A,A,H,B,-,H,H,B,H,H,-,B,B,B,B,B,B,B,B,B,B,B,H,B,H,H,H,H,H,H,H,H,H,H,H,B,B,A,A,H,H,H,H,H,H,H,H,-,-,H,H,H,H,H,H,H,H,H,H,H,H,H,H,H,H,H,-,H,H,H,H,-,H,B,B
1.621224477,H,H,B,H,H,H,H,H,H,B,B,B,H,A,A,A,A,A,A,H,A,A,A,A,A,H,H,H,H,H,H,H,H,H,H,H,H,H,H,-,H,H,H,H,H,H,A,A,A,A,H,H,H,H,H,H,H,H,H,H,H,H,H,H,H,A,B,H,H,H,H,A,A,A,A,A,A,A,A,A,B,B,B,B,B,B,B,B,B,B,B,B,B,H,H,H,H,H,H,H,H,A,B,B,H,H,H,H,B,B,B,B,B,B,B,H,H,H
1.202295287,B,B,B,B,B,B,B,B,B,H,H,H,B,B,B,B,B,B,B,H,A,A,A,A,A,A,A,H,H,H,H,H,H,H,H,H,H,H,H,H,H,H,H,H,H,B,H,H,H,H,H,A,A,H,H,H,H,H,H,H,H,H,H,H,H,H,H,B,B,B,B,B,B,B,B,B,B,H,A,A,H,H,A,A,A,A,A,H,H,H,H,H,H,A,A,A,A,A,A,A,A,A,A,A,H,H,H,H,H,H,H,H,H,H,H,H,B,B
1.429501313,B,B,B,B,B,B,B,H,H,H,H,H,H,H,H,H,H,H,H,B,B,H,H,H,H,A,A,H,H,B,B,B,B,B,B,B,H,H,H,H,H,H,H,H,H,A,B,H,H,H,H,H,H,B,B,-,B,B,B,H,H,H,H,H,H,H,H,B,B,B,B,B,-,B,B,B,B,B,B,B,B,B,B,B,B,B,B,B,B,B,B,B,B,H,H,H,H,H,H,H,H,H,H,H,H,H,H,H,H,A,A,A,A,A,A,H,H,H
1.689576503,A,A,A,A,H,H,H,H,H,H,H,H,H,H,H,H,H,-,A,A,A,H,H,H,H,A,A,H,H,B,B,B,B,B,B,B,B,H,H,H,H,H,H,H,H,A,H,H,H,H,H,H,H,H,H,H,H,H,H,H,H,B,B,B,B,B,H,B,B,B,B,H,H,H,H,H,H,A,A,A,B,B,H,H,H,H,H,H,H,H,A,A,A,A,H,H,H,H,H,H,H,H,H,H,H,H,B,H,H,B,B,B,B,B,B,H,H,H
1.144096748,H,H,H,H,B,B,B,B,B,-,B,B,H,H,A,A,A,-,-,B,B,H,H,H,H,A,A,H,H,H,H,H,H,H,H,H,H,H,H,H,H,H,H,H,H,H,H,A,A,A,H,B,B,B,H,H,H,H,H,H,H,H,H,H,H,B,H,B,B,B,B,B,B,B,B,B,B,H,H,H,A,A,A,A,H,H,H,H,H,H,H,H,H,A,A,-,A,A,A,A,A,A,H,H,H,H,H,H,H,H,H,H,H,H,H,-,H,H
2.311014824,A,A,A,H,B,B,B,B,B,B,B,B,B,B,B,B,B,H,H,H,H,A,A,A,A,A,A,A,A,A,A,A,A,A,A,A,A,A,A,H,H,H,H,H,H,H,A,B,B,H,H,H,H,H,H,H,H,H,H,B,B,B,B,B,B,A,A,B,B,B,B,B,B,B,B,B,H,H,H,H,H,H,-,H,H,H,H,H,H,H,H,H,H,B,H,H,H,H,H,H,H,H,B,B,B,B,B,-,B,A,A,A,A,A,A,A,H,H
1.26044059,H,H,H,H,H,H,H,A,A,A,A,A,A,A,A,A,A,A,A,H,H,B,B,B,B,B,B,H,H,A,A,-,A,-,A,A,A,H,H,H,H,H,H,H,H,H,A,A,A,H,A,A,A,B,H,H,H,H,H,H,H,H,H,H,H,A,A,B,B,H,H,H,H,H,H,H,A,H,H,H,H,H,H,H,H,H,H,H,H,H,H,H,B,H,H,H,H,H,H,H,H,H,B,-,A,A,A,A,A,H,H,H,H,H,H,H,H,H
2.201545966,H,H,H,H,H,H,H,H,H,H,H,H,H,H,H,H,B,B,B,A,A,A,A,A,A,B,B,H,H,H,H,H,H,H,H,H,H,H,H,H,H,H,H,A,A,A,B,B,B,H,A,A,A,A,H,H,H,H,H,H,H,H,H,H,H,A,A,A,A,A,A,H,H,H,H,H,A,A,A,A,B,B,B,B,H,H,H,H,H,H,H,H,H,H,H,H,H,H,H,H,H,H,B,B,B,B,B,B,B,H,H,H,H,H,H,H,H,H
1.297887623,H,B,B,B,B,B,B,B,B,H,H,H,H,H,H,H,A,A,A,H,H,H,H,H,H,H,H,H,H,H,H,H,H,H,H,H,H,B,B,B,B,B,B,B,B,B,H,H,H,H,H,H,H,H,A,A,A,H,H,H,H,H,H,H,H,B,B,H,H,H,H,H,H,H,H,H,B,B,B,H,A,A,A,A,A,H,H,H,H,H,H,H,H,B,H,H,H,H,H,H,H,B,B,B,B,B,B,B,B,A,A,A,A,A,A,H,H,H
1.285361698,B,B,B,H,A,A,A,A,A,A,A,H,H,H,H,H,H,H,H,H,A,A,A,A,A,H,H,H,H,B,B,B,B,B,B,B,B,B,B,H,H,H,H,B,B,H,B,B,B,B,H,H,H,H,H,H,H,H,H,H,H,H,H,H,H,H,H,H,H,H,H,H,H,H,H,H,H,A,A,A,A,A,A,A,A,A,H,H,H,H,H,H,H,H,H,H,H,A,A,A,A,A,A,A,H,H,H,H,H,A,A,A,A,A,A,A,A,A
1.570682382,A,A,A,B,H,H,H,H,H,H,H,H,H,H,H,H,H,A,A,A,A,B,B,B,B,B,B,H,H,H,H,H,H,H,H,H,H,H,A,H,H,H,H,H,H,B,H,B,B,B,H,H,H,H,A,A,A,A,A,A,A,A,A,A,A,A,H,H,H,H,H,H,H,H,H,H,H,A,A,A,H,H,H,H,H,B,H,H,H,H,H,H,H,A,B,B,B,B,B,B,B,B,-,A,B,B,B,B,B,B,B,B,B,B,B,B,A,A
1.330539708,A,A,-,A,A,A,A,A,A,A,A,H,B,B,B,B,B,B,B,A,H,H,H,H,H,H,H,B,B,A,A,A,A,A,A,A,-,A,A,-,A,A,A,A,A,A,B,H,H,B,B,B,B,B,B,B,B,B,B,H,H,H,H,H,H,H,H,H,H,H,B,B,B,B,B,B,B,B,H,H,H,H,H,H,H,H,H,H,-,H,H,H,B,B,H,H,H,H,H,H,H,A,H,H,H,H,H,H,H,H,-,H,H,H,H,A,A,-
1.173661539,B,B,-,A,A,A,A,A,A,A,A,A,A,H,H,H,H,H,H,H,H,H,H,H,H,B,B,H,H,H,A,A,A,A,A,A,A,H,H,B,B,B,B,B,H,H,A,A,A,A,H,H,H,H,A,A,A,A,A,H,H,H,H,H,H,H,H,B,B,B,B,B,B,B,B,B,B,H,H,H,A,A,A,A,A,A,A,A,A,A,B,B,B,A,A,A,A,A,A,A,A,H,H,A,A,-,A,H,H,B,B,B,B,B,H,H,H,H
1.569744954,B,B,B,H,H,H,H,A,A,A,A,A,A,A,A,A,H,H,H,A,A,H,H,H,H,A,A,B,B,B,B,B,B,B,B,B,B,B,H,H,H,H,H,H,H,H,H,H,H,H,H,H,H,H,H,H,H,H,H,H,H,H,H,H,H,B,H,H,H,H,H,H,H,H,H,H,A,A,A,A,B,B,B,B,H,H,H,H,H,H,A,A,A,H,A,A,A,A,A,A,A,H,B,H,H,H,H,H,H,H,H,H,H,H,H,A,A,A
1.873158522,A,A,A,B,B,B,B,B,B,B,B,B,B,B,B,B,B,B,B,B,B,H,H,H,A,H,H,H,H,H,H,H,H,H,H,H,H,H,H,H,H,H,H,H,H,H,B,H,H,H,A,A,A,H,H,H,H,H,H,H,H,H,H,H,H,B,B,H,A,A,A,A,A,A,A,A,A,H,H,H,B,B,B,B,H,H,A,A,A,A,A,A,A,H,H,H,H,H,H,H,H,H,H,H,A,A,A,A,A,B,B,B,B,H,H,A,A,A
1.39152175,H,B,B,H,H,H,H,H,H,H,H,H,H,H,H,H,B,H,H,H,H,H,H,H,H,A,A,H,H,H,H,H,H,H,H,H,H,A,A,A,-,A,A,A,A,H,B,H,H,H,H,H,H,H,B,B,B,B,B,H,H,H,H,H,H,H,H,B,B,B,B,B,B,B,B,B,B,H,H,H,H,H,H,H,A,A,A,H,H,H,H,H,B,A,A,A,A,A,A,A,A,A,H,H,H,H,H,H,H,B,B,B,H,H,H,B,B,B
0.873741091,H,H,H,A,H,H,H,B,B,H,H,H,H,H,H,H,A,A,H,A,A,A,A,A,A,H,H,B,B,B,B,B,B,B,B,B,B,H,H,H,H,H,H,H,H,H,H,B,B,B,H,H,H,H,H,H,H,H,H,A,A,A,A,A,A,H,B,B,B,B,B,B,B,B,B,B,B,B,B,H,H,H,H,H,H,H,H,H,H,H,A,A,H,H,H,H,H,H,H,H,H,A,A,A,A,A,A,H,H,B,B,B,B,B,B,B,H,H
1.294427167,H,H,H,B,B,B,B,B,B,B,B,H,H,H,A,H,H,H,H,H,B,B,B,B,B,B,B,A,A,A,A,A,A,A,A,A,A,A,A,A,A,A,A,A,A,A,H,H,H,H,-,H,H,H,B,B,B,B,B,H,B,B,B,B,B,B,B,A,A,A,A,A,A,A,A,A,A,A,A,H,H,H,H,H,H,H,H,H,A,A,A,A,A,B,A,A,A,A,A,A,A,H,A,A,A,A,A,A,A,H,H,H,H,H,H,H,H,H
2.368742746,B,B,B,B,B,B,B,H,H,A,A,A,A,A,A,A,B,B,B,H,A,-,H,H,H,H,H,B,B,B,B,B,B,B,B,B,B,B,B,B,B,B,B,B,B,H,B,B,B,B,B,B,B,-,B,B,B,B,B,B,B,H,H,H,H,A,A,B,B,B,B,H,H,H,H,H,A,A,H,H,A,A,A,A,A,A,A,A,A,-,H,H,H,A,H,H,H,H,H,-,H,H,A,H,H,H,H,H,H,H,H,H,H,H,H,A,A,A
1.647935097,H,H,H,A,A,A,A,A,A,A,A,A,-,H,-,A,A,-,-,B,B,B,B,B,B,B,B,A,-,H,H,-,H,H,H,H,H,-,-,-,H,-,H,H,A,H,-,B,B,H,A,A,A,A,B,B,B,B,B,B,-,B,B,B,B,H,H,A,A,A,A,H,H,H,H,H,B,H,H,H,H,-,A,H,H,H,H,-,H,H,H,A,-,-,B,B,B,B,B,B,B,A,-,B,H,H,-,-,H,-,B,-,-,H,H,H,-,B
2.043844622,H,H,-,B,B,B,B,H,H,H,H,H,H,H,H,H,H,H,H,A,A,A,A,A,A,A,A,A,A,A,A,A,A,A,A,A,A,A,A,A,A,-,A,A,A,H,H,B,B,B,H,H,H,H,H,H,H,H,H,H,H,H,H,H,H,B,B,B,B,H,H,H,H,H,H,H,A,A,A,A,B,B,H,H,H,H,A,A,A,A,H,H,H,B,H,H,H,H,H,H,H,H,H,H,H,H,H,H,H,H,H,H,H,H,H,B,H,B
1.451988983,H,H,H,H,H,H,H,H,H,H,H,H,H,H,H,H,B,B,B,H,H,B,B,B,B,B,B,B,B,H,H,H,H,H,H,H,H,H,H,H,H,H,H,H,H,H,A,H,H,H,A,A,A,H,A,A,A,A,A,A,A,H,H,H,H,-,B,H,H,H,H,H,H,H,H,H,H,A,A,A,A,A,A,A,A,A,A,A,A,A,A,A,A,A,H,H,H,H,H,H,H,A,H,B,B,B,B,B,B,H,H,H,H,H,H,A,A,A
1.784289059,B,B,B,A,A,A,A,H,H,-,B,B,B,B,H,H,H,H,H,H,B,H,H,H,H,H,H,H,H,A,A,A,A,A,A,A,A,A,H,H,H,H,H,H,H,H,H,H,H,H,B,B,B,B,B,B,B,B,B,B,B,B,B,B,B,H,H,H,H,H,H,H,H,H,H,H,B,B,A,A,H,H,H,H,H,H,H,H,B,-,H,B,B,A,H,H,A,A,A,A,A,A,H,H,H,B,B,A,A,A,A,A,A,A,A,H,H,H
1.147254798,A,A,A,B,B,B,B,H,H,H,H,H,H,H,A,A,A,A,A,B,B,H,H,H,H,H,H,B,B,H,H,H,H,H,H,H,H,H,H,B,B,B,B,B,B,B,B,H,H,H,H,H,H,A,A,A,A,A,A,A,A,A,A,A,A,H,H,B,B,B,B,B,B,B,B,B,B,H,H,H,H,H,H,H,B,B,B,B,B,B,B,B,B,A,H,H,H,H,H,H,H,B,H,H,B,H,H,H,H,B,B,B,B,B,B,B,H,H
1.722242014,H,H,H,A,A,A,A,A,A,A,A,A,H,H,H,H,H,H,H,B,H,B,B,B,B,B,B,H,H,H,H,H,H,H,H,H,H,H,H,H,H,H,H,H,H,H,A,H,H,H,A,A,A,A,H,H,H,H,H,B,B,B,B,B,B,B,H,A,A,A,H,H,H,H,H,H,H,A,A,A,H,H,H,H,H,H,H,H,H,H,H,H,H,H,H,H,H,H,A,A,A,H,A,H,H,H,H,H,H,B,B,H,H,H,H,B,B,B
1.440575166,A,A,A,H,H,H,H,H,H,H,H,H,H,H,H,H,H,H,H,H,H,A,A,A,A,H,H,A,A,H,H,H,H,H,H,H,H,B,B,B,B,B,B,H,H,A,A,A,A,A,B,B,B,B,A,A,A,A,A,A,A,A,A,A,A,A,H,B,B,B,B,B,B,B,B,B,B,B,H,H,H,H,H,H,H,H,A,A,A,A,A,A,A,H,H,H,H,H,H,H,B,H,B,B,B,B,B,B,B,A,A,A,A,A,A,H,H,H
1.104282036,B,B,B,B,H,H,H,H,H,H,H,H,H,H,H,H,B,B,B,A,A,H,H,H,H,H,H,A,A,H,H,H,H,H,H,H,H,H,H,H,H,H,H,H,H,B,B,H,H,H,H,H,H,H,H,H,H,H,H,A,A,A,A,A,A,A,H,A,A,A,A,H,H,H,H,H,H,A,A,A,A,A,A,A,A,A,A,A,A,A,A,A,B,A,A,A,A,A,A,A,A,A,A,A,A,A,A,A,A,A,A,A,A,A,A,A,A,A
1.198385647,A,A,A,H,H,H,H,B,B,B,B,B,B,B,B,H,H,A,A,H,A,H,H,H,H,H,H,H,H,H,H,H,H,H,H,H,H,B,B,H,H,H,H,H,H,H,H,A,A,A,B,B,B,B,A,A,A,A,A,A,A,A,A,A,A,H,H,H,H,H,B,H,H,H,H,H,H,A,A,A,B,B,B,B,H,H,H,H,H,H,H,H,H,A,H,H,H,H,A,A,A,A,H,B,B,B,B,H,B,B,B,B,B,B,B,B,B,B
1.861782391,H,H,H,A,A,A,A,A,A,A,A,A,A,A,A,A,A,A,A,H,A,A,A,-,A,A,-,H,H,A,A,A,A,A,A,A,A,A,H,B,B,B,B,H,H,H,H,B,B,B,A,A,A,A,H,H,H,H,H,A,A,A,A,A,A,H,B,A,A,A,A,H,H,H,H,H,H,A,H,H,H,H,H,H,H,H,H,H,H,H,H,H,H,H,H,B,B,B,B,B,B,B,H,H,B,B,B,B,B,A,A,A,A,A,A,H,H,H
1.292623212,H,H,H,B,B,B,B,B,B,H,H,H,H,H,B,B,B,B,B,B,H,H,H,H,H,H,H,H,H,H,H,H,H,H,H,H,H,H,B,B,B,B,B,B,B,B,B,H,H,H,A,A,A,H,H,H,H,H,H,B,B,B,B,B,B,H,H,H,H,H,H,H,H,H,H,H,H,B,B,B,H,H,H,H,H,A,A,A,A,A,A,A,A,H,H,H,H,H,H,A,A,A,-,H,H,H,H,H,H,B,B,B,B,B,H,H,H,H
1.464377876,H,H,H,B,B,B,B,B,B,B,B,B,B,B,B,B,B,B,B,A,A,H,H,H,H,B,B,H,H,H,A,A,A,A,A,A,A,-,B,B,B,B,B,B,B,H,H,B,B,B,H,H,H,H,H,H,H,H,H,H,H,B,B,B,B,B,H,H,H,H,A,H,H,H,H,H,H,H,B,B,H,H,H,H,H,H,H,H,H,H,A,A,A,H,H,H,H,H,H,H,H,H,A,A,A,H,H,H,H,H,H,H,H,H,H,B,B,B
1.318190067,H,H,A,A,A,A,A,A,A,H,H,H,H,H,H,H,B,B,B,B,B,H,H,H,H,A,A,B,B,B,B,B,B,B,B,B,B,H,H,H,H,H,H,H,H,H,H,H,H,H,H,H,H,H,B,B,B,B,B,H,H,B,B,B,B,B,H,B,B,B,B,B,B,B,B,B,B,B,B,H,A,A,A,A,H,A,A,A,A,A,H,H,H,A,A,A,A,A,A,A,A,H,H,H,H,H,H,H,H,H,H,H,B,B,B,A,A,A
1.316431856,B,B,-,A,A,A,A,A,B,-,-,A,A,A,A,A,-,-,A,B,B,-,H,A,-,H,H,A,A,-,A,-,H,-,A,H,A,A,-,A,A,A,A,H,-,-,-,-,A,B,B,-,B,-,-,-,-,-,H,-,-,B,A,H,H,A,-,B,B,-,B,B,B,-,-,B,B,A,A,A,-,H,-,H,-,B,-,H,B,A,H,B,-,-,B,H,H,H,-,H,-,B,-,B,H,H,B,-,B,-,B,H,H,-,-,-,-,-
1.392576743,H,H,-,H,H,H,H,H,H,H,H,H,A,A,H,H,H,H,H,B,B,B,B,B,B,H,H,A,A,A,A,A,A,A,A,A,A,A,A,A,A,A,A,A,A,A,H,H,H,H,A,A,A,A,H,H,H,H,H,H,H,H,H,H,H,H,H,H,H,H,H,H,H,H,H,H,H,H,H,H,A,A,A,A,A,A,A,H,H,H,B,B,H,A,H,H,H,H,H,B,B,H,B,B,B,B,B,B,B,A,A,A,A,A,A,B,B,B
1.489561737,B,B,B,H,H,H,H,H,H,A,A,A,H,H,H,H,B,B,B,H,H,H,H,H,-,B,B,B,B,B,B,B,B,B,B,B,B,B,B,-,H,H,H,-,H,A,-,-,H,B,H,-,H,-,B,-,B,-,B,B,-,B,B,-,B,A,A,H,H,H,-,A,A,A,A,A,A,A,B,B,-,H,H,H,A,A,A,A,A,A,H,H,-,H,A,A,H,H,H,H,H,B,H,H,H,H,-,H,H,A,-,A,-,A,A,H,H,H
1.710032433,H,H,-,H,H,H,H,H,H,H,H,H,H,H,H,H,H,B,B,A,A,H,H,-,H,B,B,H,B,B,B,B,B,B,B,B,-,H,H,H,H,H,H,H,H,A,H,H,H,H,H,H,H,H,B,B,B,B,B,H,H,H,H,H,H,H,B,H,H,H,H,H,H,H,H,H,H,B,B,B,B,B,B,B,B,B,H,H,H,A,A,A,A,B,H,H,H,H,H,H,A,A,A,H,B,B,B,H,H,A,A,A,A,A,A,H,H,H
1.028506527,B,B,B,H,H,H,H,A,A,A,A,A,A,A,A,H,H,H,H,H,B,H,H,H,H,A,A,H,H,H,H,H,H,H,H,H,H,H,H,H,H,B,B,H,H,H,A,A,A,A,B,B,B,B,A,A,A,A,A,A,A,A,A,A,A,H,H,H,H,H,H,B,B,B,B,B,B,B,H,H,A,A,A,A,A,A,A,A,A,A,A,A,H,H,A,A,A,A,A,A,A,H,H,H,B,B,B,B,B,A,A,H,H,H,H,B,B,B
1.310927819,B,H,A,A,A,A,A,H,H,H,H,H,A,A,A,A,A,A,A,H,A,H,H,H,H,B,B,A,A,A,A,A,A,A,A,A,A,A,A,A,A,A,A,A,A,A,B,H,H,H,H,B,B,B,A,A,H,H,H,H,H,A,A,A,A,A,H,H,H,H,H,A,A,A,A,A,A,A,A,A,H,H,H,H,H,H,H,H,H,H,-,B,B,A,A,A,A,A,A,A,A,H,A,A,A,H,H,B,B,H,H,H,H,H,H,A,H,H
1.709652726,H,H,B,H,A,A,A,H,H,H,H,H,H,H,H,H,H,H,H,A,H,H,H,H,H,A,H,H,H,H,H,H,H,H,H,H,H,H,H,B,B,B,B,B,B,B,A,H,H,H,H,B,B,B,B,B,B,B,B,B,B,B,B,-,B,H,H,B,H,H,A,A,A,A,A,A,A,H,H,B,B,B,B,B,B,B,B,B,B,B,H,H,H,B,H,H,H,H,H,H,H,H,A,H,H,H,H,H,H,H,H,H,H,H,H,B,B,B
1.940447457,A,A,A,A,H,H,H,B,B,B,B,B,H,H,H,H,H,H,H,B,B,B,B,B,B,H,H,H,H,B,B,B,B,B,B,B,B,H,H,H,H,H,H,H,H,H,A,A,A,A,B,B,B,B,H,H,H,H,H,H,H,H,H,H,H,B,B,H,H,H,H,H,H,H,H,H,H,H,H,B,H,H,H,H,H,H,H,H,H,H,H,H,H,H,A,A,A,A,A,A,A,H,H,H,H,H,H,H,H,A,A,A,A,A,A,A,A,A
1.814924473,H,H,B,H,H,H,H,H,H,H,H,H,H,H,H,H,B,B,B,H,H,H,H,H,H,H,H,H,H,H,H,H,H,H,H,H,H,A,A,A,A,A,A,A,A,B,B,H,H,H,H,B,B,B,H,H,H,H,H,H,H,H,H,H,H,H,H,H,H,A,A,A,A,-,A,A,H,H,B,B,H,H,H,H,H,H,H,H,H,H,H,H,H,H,H,H,H,A,A,A,H,H,H,H,H,B,B,B,B,B,B,B,B,B,B,H,H,H
1.207987236,B,B,B,H,H,H,H,B,B,B,B,B,H,A,H,H,H,H,H,H,A,H,H,-,H,H,H,A,A,H,H,H,H,H,H,H,H,A,A,A,A,A,A,A,H,A,A,H,H,B,B,B,B,H,H,H,H,-,H,H,H,H,H,H,H,A,A,H,H,H,H,H,H,H,H,H,H,B,B,H,H,H,H,H,H,H,H,H,A,A,A,A,H,A,A,A,A,A,A,A,A,H,B,B,H,H,H,H,H,H,H,H,H,H,H,B,B,B
1.910225174,B,B,H,H,H,H,H,H,H,H,H,H,H,H,A,A,A,A,A,B,B,B,B,H,H,B,B,A,A,H,H,H,H,H,H,H,H,H,H,H,H,H,A,A,A,A,A,A,A,A,A,A,A,H,B,B,B,B,B,B,B,B,B,B,B,B,B,A,A,A,H,H,H,H,H,H,H,A,A,A,H,H,H,H,H,H,H,H,H,H,H,H,A,B,B,B,H,H,H,H,H,H,B,B,H,H,H,B,B,H,H,H,H,H,H,A,A,A
1.238147056,A,A,A,H,H,H,H,A,A,A,A,A,A,-,A,A,A,A,A,H,B,B,B,B,B,A,A,A,A,H,H,H,H,H,H,H,H,H,H,H,H,H,H,B,B,B,H,H,-,H,B,B,B,B,H,H,H,H,H,B,B,B,B,B,B,B,B,H,H,H,H,H,H,H,H,H,B,A,A,A,B,B,B,B,B,B,H,H,H,H,H,H,H,B,B,B,B,B,B,B,B,B,B,H,H,H,H,H,H,B,B,B,B,B,B,H,H,H
1.537734678,H,H,H,H,B,B,B,B,B,B,B,H,H,H,H,H,H,H,H,H,H,H,H,H,H,B,B,H,H,A,A,A,A,A,A,A,A,A,-,A,A,A,A,A,A,H,A,H,H,H,H,H,H,H,A,A,A,A,A,A,A,A,A,A,A,H,B,H,H,H,H,H,H,H,H,H,H,B,B,B,B,B,B,B,B,B,B,H,H,H,H,H,H,B,H,H,H,H,H,H,A,A,A,A,A,A,H,H,H,A,A,A,A,A,A,A,A,A
1.336281016,B,B,B,H,A,A,A,A,A,A,A,A,A,H,H,H,H,H,H,H,H,H,H,H,H,H,H,H,H,H,H,H,H,H,H,H,H,H,H,H,H,H,H,H,H,A,A,H,H,H,H,H,H,H,H,H,H,H,H,H,H,H,H,H,H,H,H,H,H,H,H,H,H,H,H,H,H,H,H,H,H,H,H,H,H,H,H,H,H,H,H,H,A,A,A,A,A,A,H,H,H,H,A,A,A,A,H,H,H,H,H,H,H,H,H,H,H,H
1.20062923,A,A,A,A,A,H,H,H,B,B,B,B,B,B,B,B,B,H,H,B,H,A,A,A,A,H,H,A,A,A,A,A,A,A,A,A,A,H,H,H,H,H,H,H,H,H,H,H,H,H,A,A,A,A,A,A,A,A,A,-,A,A,A,A,A,A,H,A,A,A,A,H,H,H,H,H,H,H,H,H,B,B,B,B,B,B,B,B,B,B,H,H,H,H,H,H,H,H,H,H,H,A,H,H,A,A,A,A,A,H,H,H,H,H,H,A,A,A
1.287092995,A,A,A,B,B,B,B,-,B,H,H,H,H,H,H,H,H,H,H,H,A,H,H,H,H,H,H,A,A,H,H,H,H,H,H,H,H,H,H,H,H,H,H,H,H,B,H,A,A,A,H,H,H,H,H,H,H,H,H,A,A,A,A,A,A,A,H,A,A,A,A,A,A,A,A,A,A,A,A,A,B,B,B,B,B,B,B,H,H,H,H,H,H,H,H,H,H,H,H,H,H,A,H,H,H,H,H,H,H,B,B,B,B,B,B,B,B,B
1.556927886,H,H,-,A,A,A,A,H,H,H,H,H,H,H,H,H,B,B,B,B,B,B,B,B,B,A,A,H,H,H,H,H,H,H,H,H,H,A,A,A,A,A,H,H,H,B,B,A,A,A,H,H,H,H,H,H,H,H,H,H,H,H,H,H,H,A,A,H,H,H,H,H,H,H,H,H,B,H,H,H,A,A,A,A,H,H,H,H,H,H,H,H,H,A,H,H,H,H,H,H,H,A,B,B,B,B,B,A,A,H,H,H,H,H,H,H,H,H
1.286171473,H,H,H,B,B,B,B,-,H,H,H,H,H,H,A,A,A,A,A,A,A,H,H,H,H,B,H,H,H,H,H,H,H,H,H,H,H,H,H,B,B,B,B,B,B,B,B,-,B,B,A,A,A,A,B,B,B,B,B,B,B,B,B,-,B,B,H,B,B,B,B,B,B,B,B,B,H,A,A,A,B,B,B,B,B,B,B,B,B,B,B,B,H,H,H,H,H,H,H,H,H,H,A,H,H,H,H,B,B,H,H,H,H,H,H,B,B,B
1.148877354,A,H,H,A,H,H,H,H,H,H,H,H,B,B,B,B,B,B,B,H,A,A,A,A,A,A,A,H,H,H,B,B,B,B,B,H,H,H,-,A,A,A,A,A,A,B,A,A,A,A,H,H,H,B,A,A,A,A,A,A,A,A,A,A,A,A,B,H,H,H,H,H,H,H,H,H,A,A,H,H,B,B,B,-,H,H,A,A,A,A,H,H,H,B,B,B,B,B,B,B,B,B,A,A,A,A,A,A,A,B,B,B,B,B,B,B,B,B
1.170941363,B,B,B,A,A,A,A,A,A,A,A,A,H,H,H,H,H,H,H,B,-,B,B,B,B,A,A,H,H,B,B,B,B,B,B,B,B,B,B,H,H,H,H,H,H,A,H,A,A,A,A,-,A,A,H,H,H,H,H,H,H,A,A,A,A,A,H,H,H,H,H,H,H,H,H,H,H,B,B,H,H,H,H,H,H,H,H,A,A,A,H,H,H,H,H,H,H,H,H,H,H,H,H,B,B,B,B,B,B,H,H,H,H,H,H,H,H,H
1.227234564,B,B,B,B,B,B,B,H,H,A,A,A,A,A,H,H,H,H,H,B,B,H,H,H,H,H,H,B,B,H,H,H,H,H,H,H,H,H,H,H,H,H,B,B,B,B,A,H,H,H,B,B,B,B,H,H,H,B,B,B,B,B,B,B,B,H,H,A,A,A,H,H,H,H,H,H,H,H,H,H,B,B,B,B,H,H,H,H,H,H,-,H,H,H,A,A,A,A,A,A,H,H,A,A,A,A,A,A,A,H,H,H,H,H,H,H,H,H
1.197729694,A,A,A,H,H,H,H,B,B,H,H,H,H,H,H,H,H,H,H,H,H,H,H,H,H,H,H,B,B,H,H,H,H,H,H,H,H,A,A,A,A,A,A,A,A,B,B,B,B,B,B,B,B,H,H,H,H,H,H,H,H,H,H,H,H,H,A,H,H,H,H,H,H,H,H,H,H,A,A,A,A,A,A,A,A,H,H,H,H,H,A,A,A,A,H,H,H,H,H,H,H,H,H,H,A,A,A,A,A,B,B,B,H,H,H,H,H,H
1.320779235,A,A,A,H,H,H,H,A,A,A,A,A,A,A,A,A,A,H,H,H,H,B,B,B,B,B,B,H,H,H,H,H,H,H,H,H,H,H,H,B,B,H,H,H,H,A,H,H,H,H,H,H,H,H,H,H,H,H,H,H,H,H,H,H,H,H,A,H,H,H,H,A,A,A,A,A,A,A,A,A,B,B,B,B,B,B,B,H,H,H,B,B,B,B,H,H,H,H,H,H,H,H,B,H,H,H,H,A,A,H,H,H,H,H,H,H,H,H
0.974418991,H,H,H,H,H,H,H,H,H,H,H,H,H,B,B,B,B,B,B,A,H,H,H,H,H,H,H,H,B,B,H,H,H,H,H,H,H,H,B,B,B,B,B,B,B,H,B,B,B,H,A,A,A,H,H,H,H,H,H,H,H,H,H,H,H,H,H,H,H,H,H,H,B,B,B,B,B,B,B,B,A,A,A,A,A,A,A,A,A,A,A,A,H,B,H,H,H,H,H,H,H,H,H,B,B,B,B,H,H,A,A,A,A,A,A,H,H,H
1.608479541,A,A,A,A,A,A,A,H,H,H,H,H,H,H,H,H,H,H,H,H,H,B,B,B,B,A,A,H,H,H,H,H,H,H,H,H,H,H,B,B,B,B,B,B,B,H,H,A,A,A,H,H,B,B,H,H,H,H,H,H,H,H,H,H,H,H,H,H,H,H,H,H,H,H,H,H,H,A,A,A,A,A,A,A,A,A,A,A,A,A,H,H,H,H,H,H,H,H,H,H,H,H,H,H,H,H,H,H,H,H,H,H,H,H,H,H,H,H
1.572625733,H,-,A,H,H,H,H,B,H,H,H,H,H,H,H,H,H,H,H,H,H,H,H,H,H,H,H,B,B,B,B,B,B,B,B,B,B,B,B,B,B,B,B,B,B,B,H,A,A,A,H,H,H,H,H,H,H,H,H,H,H,H,H,H,H,B,-,H,H,A,A,A,A,A,A,A,A,A,H,H,H,H,H,H,H,H,H,A,A,A,A,-,A,H,H,H,H,H,H,H,H,-,B,B,B,B,B,B,B,H,H,A,A,A,A,A,A,A
0.94486664,A,-,-,A,A,A,A,A,A,H,-,H,H,H,-,-,H,-,-,-,-,-,-,H,-,B,B,-,-,A,-,-,A,A,A,A,A,A,A,-,A,-,A,-,-,B,-,A,A,A,H,-,-,-,A,-,-,-,A,A,-,H,-,A,-,B,B,-,B,-,-,-,H,-,-,H,A,A,A,A,-,H,-,H,-,B,H,H,B,H,B,B,B,H,H,A,H,H,B,-,-,H,A,A,A,H,-,-,H,-,-,-,-,-,-,-,H,H
1.254669891,H,H,H,A,A,A,A,H,H,H,H,H,H,H,H,H,H,H,H,B,H,A,A,A,A,B,B,A,A,A,A,A,A,-,A,A,A,H,H,H,H,H,-,H,H,H,-,-,H,H,H,H,H,A,H,H,H,H,H,H,H,H,H,H,H,H,H,A,A,A,-,A,A,A,A,A,H,H,H,H,A,A,A,A,H,H,-,H,H,H,A,A,A,H,H,H,H,H,A,-,-,A,A,A,A,A,-,H,H,-,H,H,H,A,H,A,A,A
0.910942096,B,B,B,B,H,H,H,H,H,H,H,H,-,A,H,H,B,B,B,A,A,H,H,H,H,H,H,B,H,H,H,H,H,H,H,H,H,H,H,H,H,H,H,H,H,-,A,A,A,A,H,H,H,H,H,H,H,H,H,H,H,H,H,H,H,B,H,H,H,H,H,A,A,A,A,A,A,H,B,B,B,B,B,B,B,B,B,B,B,B,H,H,B,H,H,H,H,H,B,B,B,H,B,H,H,H,H,H,H,H,H,H,H,H,H,H,H,H
1.612754475,A,H,H,B,B,B,B,H,H,H,H,A,A,A,A,-,H,H,H,H,A,B,B,B,B,B,B,H,H,A,A,A,A,A,A,A,A,H,H,H,H,H,H,H,H,A,B,H,H,H,H,H,H,H,H,H,H,H,H,H,H,H,H,H,H,H,H,H,H,H,H,H,H,H,H,H,H,B,B,B,H,H,H,H,H,H,H,H,A,A,A,A,H,B,B,B,B,B,B,B,B,B,B,B,B,B,B,B,B,H,H,H,H,H,H,B,B,B
1.502975751,H,H,H,H,A,A,A,A,A,A,A,H,B,B,B,B,B,B,B,A,A,H,H,H,H,H,H,A,A,H,H,H,H,H,H,H,H,B,B,H,H,H,H,H,H,H,H,A,A,A,H,H,H,H,H,H,H,H,H,H,H,H,H,H,H,B,B,H,A,A,A,A,A,A,A,A,H,H,H,H,A,A,A,A,A,H,B,B,B,B,H,H,A,A,H,H,H,H,H,H,H,H,B,B,B,H,H,H,H,B,B,B,H,H,H,H,H,H
1.293413219,B,B,B,B,B,B,B,B,B,B,B,B,-,B,B,B,B,B,B,H,H,A,A,A,A,A,A,H,H,B,B,B,B,B,B,B,B,H,H,H,H,H,H,A,A,H,A,H,H,H,A,A,A,A,B,B,B,B,B,B,B,B,B,B,B,B,B,H,B,B,H,H,H,H,H,H,H,H,B,B,H,H,H,H,A,A,A,H,H,H,H,H,B,A,H,A,A,A,A,A,A,A,H,H,H,H,H,A,A,A,A,A,A,A,A,H,H,H
1.242548179,A,A,A,B,H,H,H,A,A,A,A,A,H,H,H,H,B,B,B,A,A,H,H,H,H,A,A,B,B,H,H,H,H,H,H,H,H,H,H,H,H,H,H,H,H,B,A,A,-,A,H,H,H,H,A,A,A,A,A,A,A,A,H,H,H,H,A,A,A,A,A,A,-,A,A,A,A,A,A,A,H,H,H,H,H,H,H,B,B,B,H,H,H,H,H,H,H,H,H,B,B,B,H,H,H,H,H,B,B,A,A,A,A,A,A,H,A,A
1.52537538,H,H,H,B,B,B,B,B,B,H,H,H,H,A,A,A,A,A,A,H,A,A,A,A,A,A,A,-,B,B,B,B,B,B,B,B,B,B,B,B,B,B,B,B,B,A,H,B,B,B,A,H,H,H,A,A,A,A,A,H,H,H,H,H,H,B,H,B,B,B,B,B,B,B,B,B,B,-,B,B,H,H,H,H,H,H,H,H,H,H,H,H,H,A,H,H,H,H,H,H,H,H,B,A,A,A,A,A,A,A,A,A,A,A,A,A,A,A
1.520152342,A,A,A,H,H,H,H,H,H,H,H,H,H,H,H,B,B,B,B,B,B,B,B,B,B,B,B,A,A,A,A,A,A,A,A,A,A,H,H,H,H,H,H,H,H,H,A,H,H,H,H,H,H,H,B,B,B,B,B,B,B,B,B,B,B,H,H,A,A,A,H,B,B,B,B,B,B,B,B,H,A,A,A,A,A,H,H,H,H,H,H,H,H,H,A,A,A,A,A,A,A,B,H,A,A,A,A,A,A,H,H,H,H,H,H,A,A,A
1.519670574,B,B,B,H,H,H,-,B,B,H,H,H,H,A,A,A,A,A,A,H,A,A,A,A,A,H,B,A,A,H,H,H,H,H,H,H,H,H,-,H,H,H,H,H,H,H,B,H,H,H,H,H,H,H,H,H,H,H,H,H,H,H,B,B,B,B,B,H,H,H,H,B,B,B,B,B,H,H,H,H,H,H,H,H,H,B,B,-,B,B,B,B,B,H,H,H,H,H,H,H,H,H,H,H,H,H,H,H,H,-,H,H,H,H,H,H,H,H
1.144905837,H,H,H,B,B,B,B,B,B,B,B,B,-,B,B,B,H,H,H,-,B,B,B,B,B,B,B,B,B,B,B,B,B,B,B,B,B,B,B,B,B,B,B,B,-,B,A,A,A,A,H,H,H,B,H,H,H,H,H,B,B,B,B,B,B,B,B,B,B,B,B,B,B,B,B,B,H,H,H,H,-,B,B,B,B,B,B,B,B,B,B,B,B,B,B,H,H,H,H,H,H,H,A,A,A,A,A,A,A,H,H,H,H,H,H,H,A,A
1.345295191,H,H,H,B,B,B,B,H,H,B,B,B,B,B,B,B,B,B,B,H,H,B,B,B,B,H,H,H,H,H,H,H,H,H,H,H,H,H,H,H,H,H,H,H,H,B,A,A,A,A,H,H,H,H,H,H,H,H,H,H,H,H,H,H,H,A,H,B,B,B,B,B,B,B,B,B,H,A,A,A,H,H,-,H,H,H,H,H,H,H,-,B,H,H,H,H,H,H,H,H,H,H,H,B,B,B,B,B,B,H,H,H,H,H,H,H,A,A
1.224831175,B,B,B,B,B,B,B,H,H,A,A,H,H,H,B,B,H,H,H,H,B,B,B,B,B,B,B,B,H,H,H,H,H,H,H,H,H,H,H,B,B,B,B,B,B,B,H,H,H,H,B,B,B,B,B,B,B,B,B,B,B,B,B,B,B,H,H,H,H,H,H,H,H,H,H,H,H,H,H,H,A,A,-,A,A,A,H,B,B,B,H,H,H,H,H,H,H,H,B,B,B,B,H,H,H,B,B,B,B,A,A,A,A,A,A,A,A,A
1.898981877,A,A,A,A,A,A,A,H,H,B,B,B,B,B,B,B,B,B,B,A,H,H,H,H,H,B,B,H,A,A,A,A,A,A,A,A,A,A,A,A,A,A,A,A,A,A,H,H,H,H,B,B,B,B,A,A,A,A,A,A,A,A,A,A,A,H,B,B,B,-,B,B,B,B,B,B,H,H,H,H,H,H,B,B,H,H,H,H,H,H,H,H,H,B,H,H,B,B,B,B,B,B,B,H,H,H,H,H,H,B,B,B,B,B,B,H,H,H
1.77599264,A,H,B,H,H,H,H,H,H,H,H,H,A,A,A,A,A,-,H,H,H,H,H,H,H,H,H,H,H,H,A,A,A,A,A,A,A,A,A,A,A,A,A,A,A,B,H,H,H,H,H,H,H,H,B,B,B,B,B,A,A,A,A,A,A,A,H,H,H,H,H,B,B,B,B,B,B,B,B,H,B,B,B,B,H,H,H,H,H,H,B,B,B,B,H,H,B,B,B,-,B,B,H,H,H,H,H,B,B,H,H,H,H,H,H,A,A,A
2.001828222,-,-,A,-,A,A,A,-,-,-,A,-,-,-,-,B,-,-,-,B,-,-,-,A,-,-,A,A,-,-,-,-,-,B,-,B,H,-,-,B,-,-,B,B,-,A,-,-,-,-,B,-,-,-,B,-,-,-,A,-,-,-,-,B,A,-,-,-,A,-,-,-,H,-,-,H,-,-,-,B,-,B,-,B,-,-,A,-,-,-,-,A,-,-,A,-,-,A,A,-,-,B,A,A,-,A,-,-,A,-,B,B,-,-,-,A,-,-
1.213758187,B,H,A,A,A,A,A,A,A,H,H,H,A,A,A,A,A,A,A,H,B,B,B,B,B,B,B,H,H,H,H,H,H,H,H,H,H,H,H,-,H,H,H,H,A,A,H,H,H,H,H,H,H,H,H,H,H,H,H,A,A,A,A,A,A,A,H,H,H,H,H,A,A,A,A,A,A,A,H,H,A,A,A,A,H,H,H,H,H,H,A,A,A,H,H,H,B,B,B,B,B,H,A,A,A,A,A,H,H,H,H,H,H,H,H,H,H,H
1.423403412,H,H,H,H,H,H,H,A,A,A,A,A,-,A,A,A,A,-,A,B,H,A,A,A,A,H,H,A,A,A,H,H,H,H,H,H,B,H,H,H,H,H,H,H,H,H,A,A,A,A,H,B,B,B,H,H,H,H,H,A,A,A,A,A,A,H,H,B,B,H,H,H,H,H,H,H,H,H,H,H,H,H,H,H,H,H,H,H,H,H,B,B,B,B,A,A,A,A,A,A,-,H,B,H,H,H,H,H,H,H,H,B,B,B,B,H,H,H
1.45071008,B,B,B,B,H,H,H,H,H,H,H,H,-,A,A,A,A,A,A,-,A,A,A,-,A,A,A,H,H,H,H,H,H,H,H,H,H,H,H,A,A,A,A,A,A,H,H,H,H,H,H,H,H,H,B,B,B,B,B,B,B,B,B,B,B,B,H,H,H,H,H,H,H,H,H,H,H,H,H,H,B,B,B,B,B,B,B,B,B,B,H,H,H,B,H,H,H,H,H,H,H,H,A,A,A,A,A,A,A,A,A,A,H,H,H,H,H,H
1.810197139,H,H,-,H,H,H,H,A,A,A,A,A,A,A,A,A,A,A,A,A,A,H,H,H,H,H,H,B,B,A,A,A,A,A,A,A,A,A,A,A,A,A,A,A,A,A,H,A,A,A,A,A,A,H,H,H,H,H,H,H,H,H,H,H,H,H,H,H,H,A,A,A,A,A,A,A,A,A,A,B,H,H,H,H,A,A,A,H,H,H,H,H,H,B,B,B,B,B,B,B,H,H,H,H,H,H,H,A,H,A,A,A,A,A,A,A,A,A
1.311254556,A,A,H,H,H,H,-,B,B,B,B,H,H,H,H,H,H,H,H,A,A,H,H,H,H,B,B,H,H,H,H,H,H,H,H,H,H,H,H,H,H,H,H,H,-,H,A,H,H,H,A,A,A,H,B,B,B,B,B,H,H,H,H,H,H,H,B,H,H,H,H,H,H,H,H,H,A,A,H,H,B,B,B,B,H,H,H,B,B,B,B,B,B,B,H,H,B,B,B,B,B,B,H,H,H,H,B,B,B,H,H,H,H,H,H,B,B,B
1.097728426,H,H,H,H,H,H,H,H,H,A,A,A,A,H,H,H,H,H,H,H,H,B,B,B,B,B,H,A,A,A,H,H,H,H,H,H,H,H,H,H,H,H,H,A,A,H,H,B,B,B,A,A,A,A,H,H,H,H,H,H,H,H,H,H,H,H,H,B,B,B,B,B,B,B,B,B,B,B,B,B,H,H,H,H,H,H,-,H,H,H,H,H,H,H,-,B,B,B,B,B,B,B,A,A,A,A,A,H,H,B,B,B,B,B,B,H,A,A
1.535224422,H,H,H,A,H,H,H,H,H,H,H,H,H,H,B,B,B,H,H,A,A,A,A,A,A,H,H,H,H,B,B,B,B,B,B,B,B,B,B,B,B,B,B,B,B,H,A,A,-,A,H,H,H,H,B,B,B,B,B,B,B,B,B,B,B,B,H,A,A,A,A,A,A,A,-,A,H,H,H,B,H,H,A,A,A,A,A,A,A,A,H,H,H,B,B,B,H,H,H,H,H,H,H,H,H,H,H,H,H,H,H,H,H,H,H,H,B,B
1.459797111,H,H,H,B,B,B,B,H,-,H,H,-,A,B,B,B,B,B,B,H,H,A,A,-,A,H,H,B,B,H,H,H,H,H,H,H,H,A,H,H,H,H,H,H,H,A,H,H,H,H,B,B,B,B,A,-,A,A,A,A,A,A,A,A,A,H,B,A,A,A,H,H,H,H,-,H,H,H,B,B,A,A,A,A,H,H,B,B,H,H,H,H,H,H,H,A,-,A,A,A,A,A,A,A,A,H,H,H,A,B,B,B,B,B,B,B,B,B
1.205614031,H,H,H,H,H,H,H,H,H,H,H,H,H,H,B,B,B,B,B,H,H,H,H,H,H,H,A,A,A,A,A,A,A,A,A,A,A,H,H,H,H,H,H,H,H,B,B,H,H,A,H,A,A,H,B,B,B,B,B,B,B,B,B,B,B,B,H,H,H,A,A,A,A,A,A,A,A,H,H,H,A,A,A,A,H,H,H,H,H,H,H,H,H,H,H,H,H,H,A,A,A,-,H,H,-,B,B,B,B,A,A,A,A,A,A,H,H,H
1.054163036,H,H,A,H,H,H,H,A,A,A,A,A,A,A,H,H,A,A,A,-,A,H,H,H,H,H,H,A,A,H,H,H,H,H,H,H,H,H,H,H,H,H,A,A,A,A,B,B,B,B,H,H,H,A,H,H,H,H,H,H,H,H,H,H,H,B,B,H,H,H,H,H,H,H,-,H,B,A,A,A,H,H,H,H,H,H,A,A,A,A,H,H,H,B,H,H,H,H,H,H,H,A,B,H,H,H,H,H,H,H,H,H,H,H,H,A,A,A
1.806978964,B,H,H,H,H,H,H,H,H,H,H,A,A,A,H,H,H,H,H,B,H,H,H,H,H,H,H,H,H,H,H,H,H,H,H,H,H,H,H,H,H,H,H,B,B,H,A,A,A,A,A,A,A,A,A,A,A,A,A,A,A,A,A,A,A,H,A,A,A,A,A,A,A,A,A,A,A,H,H,H,A,A,A,A,A,A,A,A,A,A,A,A,A,H,B,B,B,B,B,B,B,B,H,A,A,A,A,A,A,A,A,A,A,A,A,A,A,A
1.295887337,H,H,-,H,-,H,H,H,H,A,A,A,A,A,A,A,H,H,H,A,A,H,A,A,A,H,H,A,-,H,H,H,H,H,H,H,H,H,H,H,H,H,H,-,H,B,B,B,B,B,B,-,B,B,H,H,H,H,H,A,A,A,A,A,A,B,H,B,B,H,H,A,A,A,A,A,A,H,H,H,H,H,H,H,A,A,A,A,H,H,H,H,B,H,H,H,H,A,A,A,-,H,H,H,H,H,H,H,H,B,B,B,B,B,B,B,A,A
1.310933034,B,B,B,H,H,H,H,A,A,A,A,A,A,A,H,B,-,B,-,H,H,-,B,B,B,H,H,A,-,H,H,H,H,H,H,H,H,H,H,H,H,H,H,H,B,H,A,H,H,B,B,B,B,B,H,H,H,H,H,H,H,H,H,H,H,H,A,B,B,B,B,H,H,H,H,H,H,H,B,B,H,H,H,H,A,A,A,A,H,H,H,H,A,H,H,H,H,H,H,H,H,H,B,B,B,B,B,B,B,B,B,B,B,B,B,H,H,H
1.611840875,H,H,B,H,A,A,A,A,A,A,A,A,H,H,H,H,H,H,H,A,A,H,H,H,H,H,H,H,H,A,A,A,A,A,H,-,H,H,H,B,B,B,B,B,B,H,B,B,B,B,H,H,H,H,B,B,B,B,B,B,B,B,B,-,B,B,H,H,H,H,H,H,H,H,H,H,H,H,H,H,A,-,A,A,A,A,A,A,A,A,H,H,H,A,H,H,H,H,H,H,H,H,H,-,H,H,H,H,H,H,H,H,H,H,H,H,-,H
1.372847345,B,B,H,H,H,H,H,-,H,A,A,A,H,H,H,H,H,H,-,H,H,H,H,H,H,B,B,H,H,H,H,H,H,H,H,H,H,H,H,B,B,B,B,B,B,B,H,A,A,A,H,H,H,A,B,B,B,B,B,B,B,B,B,B,B,B,A,A,A,A,A,H,H,H,H,H,H,H,H,H,H,H,H,H,H,H,H,A,A,A,A,A,A,H,A,A,H,H,H,H,H,H,B,B,B,H,H,H,H,H,H,B,B,B,B,H,H,H
1.291403251,H,H,H,A,A,A,A,A,H,H,H,H,H,H,-,A,A,H,H,A,A,H,A,A,A,H,H,A,H,A,A,A,A,A,A,A,H,B,H,H,H,H,H,H,H,B,H,H,H,H,H,H,H,H,H,-,H,H,H,A,A,H,-,H,H,B,H,A,A,A,A,A,A,A,A,A,A,A,A,A,A,A,A,A,A,A,A,A,-,-,A,A,A,A,A,A,A,A,A,A,A,H,B,-,H,H,H,A,A,H,H,H,H,H,H,H,H,H
1.464032884,H,-,A,H,B,B,B,B,B,B,B,B,-,B,B,B,H,H,H,H,H,H,H,H,H,H,H,H,H,A,A,A,A,A,A,A,A,A,A,-,A,A,A,H,H,B,A,A,A,H,A,A,A,A,-,-,H,H,H,H,H,H,H,H,H,B,B,B,B,H,H,H,H,H,H,H,H,-,H,H,H,H,H,H,A,H,H,H,A,A,A,A,H,A,A,A,A,A,-,A,A,A,A,A,A,A,A,A,A,H,H,H,H,H,H,B,-,B
2.355143782,A,-,A,H,A,A,A,H,H,H,H,H,B,B,B,H,H,H,H,B,H,A,A,A,A,B,B,H,B,B,B,B,B,H,H,H,H,B,B,B,B,B,B,B,B,A,H,A,A,A,A,A,A,H,H,H,H,H,H,H,H,H,H,H,H,B,H,B,B,B,B,H,H,H,H,H,H,H,H,H,B,-,B,B,B,B,-,B,B,B,H,H,H,A,A,A,A,H,H,H,H,H,H,H,H,H,H,H,H,A,A,A,A,A,A,H,H,H
1.344205742,H,H,H,H,H,H,H,H,H,H,H,A,A,A,A,A,A,-,H,H,H,B,B,B,B,B,B,A,A,A,A,A,A,A,A,A,A,A,A,H,H,H,H,H,B,B,A,A,A,H,A,A,A,A,A,A,A,A,A,A,-,A,A,A,A,A,A,B,B,B,B,H,H,H,H,H,A,A,H,H,H,H,B,B,H,H,H,H,A,A,A,A,A,A,A,A,H,H,H,H,H,A,H,H,H,H,H,A,A,H,H,H,H,H,H,B,B,B
1.187287933,B,B,B,H,B,B,B,B,B,A,A,A,A,A,A,A,B,B,B,H,H,H,H,H,H,A,A,H,H,H,H,H,H,H,H,H,H,H,H,H,H,H,H,H,H,A,H,H,H,H,H,A,A,A,H,H,H,H,H,H,H,H,H,H,H,H,H,B,B,B,B,H,H,H,H,H,H,B,B,B,A,A,A,A,A,A,H,H,H,H,H,H,H,A,H,H,B,B,B,B,B,A,B,H,H,H,H,H,H,A,A,A,A,A,A,H,H,H
1.50416374,A,A,H,B,B,B,B,B,B,B,B,B,B,B,H,H,H,H,H,H,A,A,A,A,A,H,H,H,H,H,H,H,H,H,H,H,H,H,-,B,B,B,B,B,B,H,H,A,A,A,B,B,B,H,A,A,A,A,A,A,A,A,A,A,A,B,B,A,A,A,H,H,H,H,H,H,H,H,H,H,A,A,H,H,H,H,H,H,H,H,H,H,H,H,H,H,H,H,H,H,H,H,H,H,H,H,H,H,H,H,H,H,H,H,H,H,H,H
1.252071753,H,H,H,H,B,B,B,B,B,B,B,B,B,B,B,B,H,H,H,H,H,A,A,A,A,A,A,B,H,H,H,H,H,H,H,H,H,B,H,H,H,H,H,H,H,H,H,B,B,H,B,B,B,B,A,A,H,H,H,H,H,H,H,H,H,B,B,H,H,A,A,A,-,A,A,A,B,H,H,H,H,H,H,H,H,H,H,B,B,B,B,B,B,-,A,A,H,H,H,H,H,H,B,B,B,B,B,H,H,A,A,A,A,A,A,H,H,H
1.231452169,H,A,A,A,H,H,H,H,H,H,H,B,B,B,B,B,B,B,B,H,H,A,A,A,A,H,H,A,H,H,H,H,H,H,H,H,H,H,H,H,H,H,H,H,B,B,B,H,H,H,B,B,B,B,H,H,H,-,H,H,H,H,H,H,H,B,H,A,A,A,A,A,-,A,A,A,H,H,H,H,H,H,H,H,B,B,H,H,H,H,H,H,B,B,H,H,H,H,H,H,H,A,-,A,A,A,A,A,A,H,B,H,H,H,H,-,H,H
1.713827798,H,H,H,B,B,B,B,B,B,B,B,B,B,H,H,H,H,-,H,-,A,H,H,H,H,B,B,B,B,H,H,H,B,B,B,B,B,B,-,B,B,B,B,B,B,H,B,B,B,B,H,H,H,H,B,B,B,B,H,H,H,B,H,B,B,B,B,A,A,H,H,-,H,H,H,H,H,H,H,H,H,H,H,H,B,B,B,B,B,B,H,H,A,H,H,H,H,H,B,B,H,H,-,B,B,B,B,B,B,H,H,H,H,H,H,H,H,H
1.668701181,A,H,H,H,H,H,H,B,B,B,B,B,B,B,B,B,B,B,B,H,H,H,H,H,H,H,H,B,B,B,B,B,B,B,B,B,B,B,B,B,B,B,B,B,B,H,H,B,B,B,H,H,H,H,B,B,B,B,B,B,B,B,B,B,B,B,B,H,H,H,H,H,H,H,H,H,B,B,B,B,A,A,A,A,A,A,A,H,H,H,A,A,A,A,H,H,H,H,H,H,H,B,A,A,H,H,H,B,B,H,H,H,H,H,H,B,B,B
1.324862717,B,B,B,B,H,H,H,A,A,A,A,A,H,H,H,H,H,H,H,H,B,A,A,A,H,H,H,A,A,H,H,H,H,H,H,H,H,H,H,H,H,H,H,H,H,B,H,B,B,B,H,H,H,-,H,H,H,H,H,H,H,H,H,H,H,B,B,A,A,A,A,A,A,A,A,A,A,H,H,H,A,A,A,A,A,A,H,H,H,H,H,H,H,H,H,H,H,H,H,H,H,B,B,B,B,B,B,H,H,H,H,H,H,H,H,A,A,A
1.304562813,H,H,H,H,H,H,H,H,B,B,B,B,B,B,B,B,H,H,H,H,H,H,H,H,H,B,B,H,H,H,H,H,H,H,H,H,H,H,H,H,H,H,H,H,H,H,B,B,B,B,H,H,H,H,A,A,A,A,A,A,A,A,A,A,A,A,H,H,H,H,H,B,B,B,B,B,B,H,H,H,A,A,A,A,H,H,B,B,B,B,B,B,B,B,H,H,H,A,A,A,A,A,H,H,H,H,H,H,H,H,H,H,H,H,H,H,A,A
1.30812866,B,H,H,H,H,H,H,H,H,H,H,H,H,H,H,H,B,B,B,B,A,A,A,A,A,H,H,H,H,H,H,H,H,H,H,H,H,A,A,A,A,A,A,A,H,B,A,H,H,H,H,H,H,B,H,H,H,H,H,H,H,H,H,H,H,H,B,H,H,H,H,H,H,H,H,H,H,H,A,A,B,B,B,B,B,B,B,B,B,B,H,H,H,H,H,H,B,B,B,B,B,H,H,H,H,A,A,H,H,H,H,H,H,H,H,A,A,A
1.849826924,A,H,B,A,A,A,A,A,A,H,H,H,B,B,B,B,B,B,B,B,H,H,H,H,H,H,H,B,B,B,B,B,B,B,B,B,B,H,H,H,H,H,H,-,H,H,H,H,H,H,H,H,H,B,H,H,H,H,H,H,H,H,H,-,H,H,B,H,H,H,H,H,H,H,H,H,H,A,A,A,A,A,A,A,A,A,A,A,A,A,A,A,H,H,B,B,B,B,B,B,B,B,H,H,H,H,H,H,H,H,H,H,H,H,H,B,B,B
0.901614647,H,A,A,H,A,A,A,A,A,H,H,H,H,B,B,B,H,-,H,H,H,H,H,-,H,B,B,B,B,H,H,H,H,H,H,H,H,H,A,A,A,A,A,A,A,H,H,H,H,H,H,H,H,H,H,H,H,H,H,H,H,H,H,H,H,H,H,H,H,B,H,H,H,H,H,H,H,A,A,A,A,A,A,A,H,H,H,H,H,H,H,H,H,A,A,A,A,H,H,H,H,H,H,B,H,H,H,H,H,H,H,H,H,H,H,H,H,H
1.655298889,H,H,H,B,B,B,B,B,B,H,H,H,B,B,B,B,B,B,B,B,B,H,-,H,H,H,H,A,A,H,B,B,B,B,B,B,B,H,H,H,H,H,H,H,H,H,A,H,H,B,B,B,B,H,B,B,B,B,B,B,B,B,B,B,B,B,B,H,H,H,H,B,B,B,B,B,B,H,H,A,H,H,H,H,H,H,H,H,H,H,H,H,A,H,A,A,A,A,H,H,H,H,A,H,H,B,B,B,B,A,A,A,A,A,A,H,H,H
1.671762941,B,B,B,B,B,B,B,B,B,-,B,H,H,H,H,H,H,H,H,-,A,A,A,A,A,A,A,H,H,H,H,H,H,H,H,H,H,H,H,H,H,H,H,H,H,H,H,H,-,H,H,H,H,H,B,B,B,B,B,B,B,B,-,B,B,A,A,A,A,A,A,A,A,A,A,A,-,H,B,B,B,B,B,B,B,B,B,H,H,H,H,H,H,H,H,H,H,B,B,B,B,H,A,A,H,H,H,H,H,H,H,A,A,A,H,H,-,H
1.451201161,H,H,-,H,B,B,B,H,H,H,H,H,H,A,A,A,A,A,A,H,H,H,H,H,H,A,A,B,B,B,-,B,B,B,B,B,B,A,A,A,A,A,A,H,H,H,H,A,A,A,A,A,A,A,B,B,B,B,B,B,B,B,B,B,B,B,H,B,B,B,B,B,B,B,B,B,B,A,A,H,B,B,B,B,B,B,B,B,B,B,B,B,B,H,H,H,H,H,H,H,H,H,H,B,B,B,B,H,H,B,B,B,B,B,B,B,B,B
1.14775718,H,B,H,A,A,A,A,H,H,H,H,H,H,H,H,H,B,B,B,A,B,H,H,H,H,H,H,H,H,A,A,A,-,A,A,A,A,A,A,A,A,A,A,A,A,H,A,H,H,H,A,A,A,H,A,A,A,A,A,A,-,A,A,A,A,H,H,A,A,A,A,H,H,H,H,H,H,H,A,H,H,H,H,H,H,H,H,B,B,B,B,B,B,A,A,A,A,H,H,H,H,H,B,B,B,B,B,B,B,H,H,H,H,H,H,H,A,A
1.449675341,B,B,B,H,H,H,H,H,H,H,H,H,H,B,B,B,H,H,H,B,A,H,H,H,H,H,H,A,A,B,B,B,B,B,B,B,B,H,H,H,H,H,H,H,H,A,B,B,B,B,B,B,B,H,B,B,B,B,B,H,H,H,H,H,H,H,H,A,A,A,H,B,B,B,B,B,B,H,H,H,A,A,A,A,A,A,A,A,A,A,A,A,A,H,H,H,H,B,B,B,B,B,B,H,H,A,A,A,A,H,H,H,H,H,H,H,H,H
1.385890248,A,A,A,H,H,H,H,H,H,H,H,H,H,H,H,H,H,H,H,H,H,H,H,H,H,H,B,H,H,H,H,H,H,H,H,H,H,A,A,A,A,A,H,H,A,A,A,H,H,H,H,H,H,H,A,A,A,A,A,A,A,A,A,A,A,A,H,H,H,H,H,H,H,H,H,H,H,A,A,A,H,H,H,H,H,H,H,H,H,H,B,B,B,H,B,B,-,B,B,B,B,B,H,-,B,B,B,B,B,H,H,H,H,H,H,B,B,B
1.253601392,A,A,A,H,H,H,H,B,H,H,H,H,H,H,H,H,H,H,H,A,H,H,H,H,H,A,A,B,B,B,B,B,B,B,B,B,B,B,H,A,A,A,A,A,A,H,B,A,A,A,B,B,B,B,B,B,B,B,B,B,B,B,B,B,B,H,H,H,H,H,B,B,B,B,B,B,B,B,B,B,H,H,H,H,H,H,H,H,B,B,H,H,H,A,H,H,H,H,H,H,H,H,H,-,H,H,H,A,A,H,H,H,H,H,H,A,A,A
2.081962175,A,A,A,A,A,A,A,A,A,A,A,A,A,A,H,H,B,B,B,H,H,B,B,B,B,H,H,A,A,B,B,B,B,B,B,B,B,B,B,B,B,B,B,H,A,A,A,H,H,H,H,H,H,H,B,B,B,B,B,B,B,B,B,B,B,B,A,H,H,H,H,H,H,H,H,H,H,H,A,A,B,B,B,B,H,H,H,H,H,H,H,H,H,B,B,B,B,B,B,B,H,A,A,A,A,A,A,A,A,B,B,B,B,B,B,H,H,H
1.54379738,H,H,H,H,A,A,A,A,A,A,A,A,A,A,A,H,H,H,H,H,H,H,H,H,H,H,H,H,H,B,B,B,B,B,B,B,B,B,B,B,B,B,B,B,B,B,H,H,H,A,A,A,A,A,H,H,H,H,H,H,H,H,H,-,H,H,H,H,H,H,H,B,B,B,B,B,B,B,B,H,H,H,H,H,H,H,H,H,H,H,H,H,A,H,H,H,H,H,H,H,H,H,H,H,H,H,H,B,B,H,H,H,H,H,H,A,A,A
1.906659864,B,B,H,H,H,H,H,H,H,-,H,H,-,-,-,-,A,A,A,B,H,H,H,H,H,H,H,-,H,H,H,H,H,H,H,H,H,H,-,H,H,H,H,H,H,B,H,H,H,H,B,B,B,B,H,H,H,H,H,H,H,H,H,H,H,A,H,-,H,-,B,-,-,B,B,H,H,H,H,H,H,H,-,H,B,B,-,-,-,-,B,-,B,H,H,H,H,H,-,A,A,H,-,B,H,-,B,-,B,H,B,B,-,B,-,-,H,B
1.318961345,H,H,H,H,H,H,H,H,H,A,A,A,H,H,H,H,H,H,H,H,A,A,A,A,A,H,H,B,B,B,-,B,B,B,B,B,B,B,B,B,B,B,B,B,H,A,B,H,H,H,H,H,H,H,B,B,B,B,B,B,B,B,B,B,B,B,H,H,H,H,A,A,A,A,A,A,A,A,A,A,H,H,H,H,H,H,H,H,H,H,H,H,B,B,B,B,B,B,B,B,B,B,H,H,H,B,B,B,B,A,A,A,A,A,A,A,A,A
1.275095092,B,H,H,H,H,H,H,H,H,A,A,A,H,H,H,B,B,B,B,H,H,-,A,A,A,H,H,A,A,H,H,H,H,H,H,H,H,B,B,B,B,B,B,-,B,B,B,H,H,H,A,A,A,A,A,A,-,A,A,A,A,A,A,A,A,H,H,B,B,B,B,B,B,B,B,B,B,H,H,H,H,H,H,H,H,H,H,H,H,H,B,B,H,H,H,H,H,H,H,H,H,B,H,H,A,A,H,H,H,A,A,H,H,H,H,-,B,B
1.656532405,B,B,B,H,H,H,H,B,B,B,B,B,B,B,B,B,B,B,B,H,A,A,A,A,A,B,B,H,H,H,H,H,H,H,H,H,B,B,B,B,B,B,B,B,B,B,A,A,A,A,A,H,H,H,A,A,A,A,A,A,A,A,A,A,A,A,H,A,H,B,B,B,B,B,B,B,B,B,B,B,H,H,H,H,H,H,H,H,H,H,H,H,H,A,H,H,H,H,H,H,H,H,B,H,A,A,A,A,A,A,A,A,A,A,A,H,H,H
1.663537395,B,B,B,H,H,H,H,H,H,H,H,H,B,B,B,B,B,B,B,H,H,B,B,B,B,B,B,B,B,H,H,H,H,H,H,H,H,H,H,H,H,H,H,H,H,A,B,H,H,H,A,A,A,A,H,H,H,H,H,H,H,B,B,B,B,B,B,A,A,A,A,A,A,A,A,A,A,H,H,H,H,H,H,H,H,B,B,B,B,B,H,H,H,H,B,B,B,B,H,H,H,A,H,H,-,-,A,A,A,H,H,H,H,-,H,H,H,H
1.340794678,H,H,H,H,H,H,H,H,H,B,B,B,B,B,B,B,B,B,B,B,B,H,H,H,H,A,A,A,H,H,H,H,H,H,H,H,H,A,A,A,A,A,A,A,H,H,A,A,A,A,A,A,A,A,A,A,A,A,A,A,A,A,A,A,A,A,B,H,H,H,H,H,H,H,H,H,H,A,A,A,A,A,A,A,A,A,A,A,A,A,A,A,A,H,B,B,B,B,H,H,H,B,H,H,H,H,H,A,A,B,B,B,B,B,B,A,A,A
1.492557234,H,H,A,A,A,A,A,A,A,A,A,A,A,A,A,A,H,H,H,B,B,B,B,B,B,A,A,A,A,B,B,B,B,B,B,B,B,H,H,H,H,H,H,B,B,B,H,H,H,H,H,H,H,A,H,H,H,H,H,H,H,A,A,A,A,H,B,B,B,B,B,B,B,B,B,B,B,B,B,B,A,A,A,A,H,B,H,H,H,H,H,H,B,B,A,A,A,A,A,A,A,A,B,B,B,B,B,B,B,H,H,H,H,H,H,H,A,-
1.312630242,B,B,B,B,B,B,B,B,B,B,B,B,H,H,H,H,B,B,B,H,H,B,B,B,B,A,A,H,H,B,B,B,B,B,B,B,B,H,H,H,H,H,H,H,A,A,H,A,A,A,A,A,A,A,B,B,B,B,B,B,B,B,B,B,B,H,A,A,A,A,A,A,A,A,A,A,A,A,H,H,A,A,A,A,A,A,A,A,A,-,A,A,H,B,H,H,H,H,H,H,H,B,A,A,H,B,B,B,B,H,H,H,H,H,H,B,B,B
1.212221299,B,B,H,H,H,H,H,B,H,H,H,H,H,H,A,A,A,A,H,H,A,A,A,-,A,H,H,B,H,A,A,A,A,A,A,-,A,A,A,A,A,A,-,A,A,H,H,H,H,A,A,H,H,A,H,H,H,H,H,H,H,H,H,H,H,H,H,A,-,H,H,H,H,H,H,H,H,B,B,B,H,H,H,H,H,H,H,H,H,H,H,H,A,B,H,H,H,H,A,A,A,-,H,H,H,H,H,A,A,B,B,B,B,H,H,H,-,H
1.969912162,A,A,A,H,H,H,H,H,H,H,H,B,B,B,B,B,B,B,B,H,H,H,H,H,H,B,B,A,H,B,B,B,B,B,B,B,B,B,B,B,B,B,B,B,B,H,H,A,A,A,H,H,H,H,H,H,H,-,H,H,H,H,H,H,H,H,H,B,B,B,B,B,B,B,-,B,H,A,A,A,H,H,H,H,H,H,H,H,H,H,H,H,H,H,H,H,H,H,H,H,H,H,H,B,B,B,B,B,B,H,H,H,H,H,H,A,A,A
1.331381754,H,H,-,H,B,B,B,H,H,H,H,H,H,H,H,H,H,H,H,A,A,A,A,A,A,H,H,H,H,H,H,H,H,H,B,B,B,H,H,H,H,H,H,H,H,H,H,A,A,A,A,A,A,A,H,H,H,H,H,A,A,A,A,A,A,A,B,A,A,A,A,A,A,-,A,A,A,A,H,H,B,B,B,B,H,H,H,H,H,H,A,A,A,H,H,H,H,H,H,H,H,H,B,B,H,H,H,H,H,A,A,A,A,A,A,H,H,H
1.536502017,B,B,-,H,H,H,H,B,B,-,B,B,H,H,H,H,A,A,A,H,H,H,H,H,H,H,H,H,H,H,H,H,H,H,H,H,H,H,-,B,B,B,B,B,H,H,H,B,B,B,B,-,B,-,H,H,H,H,H,H,H,H,H,-,H,H,H,B,B,B,H,H,H,H,H,H,H,B,B,B,A,A,A,A,H,H,H,B,B,-,B,B,B,B,H,H,H,H,H,H,H,H,A,H,B,B,B,B,B,B,B,B,B,B,B,H,H,H
1.708050036,B,B,B,B,B,B,B,H,H,H,H,H,B,B,B,B,B,B,B,H,H,H,H,H,H,H,H,H,H,A,A,A,A,A,A,A,A,A,A,A,A,A,A,A,A,H,B,H,H,H,B,B,B,H,B,B,B,B,B,B,B,B,H,H,H,H,A,A,A,A,A,A,A,A,A,A,A,H,A,A,H,H,H,H,H,H,H,H,H,H,H,H,B,H,A,A,A,A,A,A,A,H,H,H,H,H,B,H,H,H,H,H,H,H,H,B,B,B
1.099737672,A,A,A,H,A,A,A,A,A,A,A,A,A,A,A,A,A,A,H,A,A,B,B,B,B,H,H,H,A,A,A,A,A,A,A,A,A,A,H,H,H,H,H,H,H,H,H,A,A,H,H,H,H,A,A,A,A,A,A,A,A,H,H,H,H,B,B,B,H,H,H,H,H,H,H,H,H,B,B,B,H,H,H,H,H,H,H,H,H,H,A,A,A,A,H,H,H,H,H,H,H,H,H,B,H,H,H,H,H,A,A,A,H,H,H,A,A,A
1.223879904,B,B,B,B,H,H,H,A,A,A,A,A,A,A,A,A,H,H,H,B,H,H,H,H,H,B,B,H,H,H,H,H,H,H,H,H,H,B,B,B,B,B,B,B,B,B,A,A,A,A,A,A,A,H,H,H,H,H,H,A,A,A,H,H,H,H,H,H,H,A,A,A,A,A,A,A,A,A,H,H,A,A,A,A,H,H,H,H,H,H,H,H,H,H,H,H,B,B,B,B,B,H,A,A,A,A,A,A,H,B,B,B,B,B,B,B,B,B
1.473646333,B,B,B,B,B,B,B,H,H,H,H,H,H,H,A,A,A,H,H,A,H,H,H,H,H,H,B,H,H,H,H,H,H,H,H,H,H,B,B,B,B,B,B,B,B,H,H,A,A,A,A,A,A,H,B,B,B,B,B,B,B,B,B,B,B,B,H,B,B,B,B,B,B,B,B,B,B,B,B,B,H,H,H,H,H,H,H,H,H,H,H,H,H,B,H,H,H,H,H,H,H,H,H,H,H,H,H,H,H,A,A,A,A,A,A,A,A,A
1.413106596,B,B,B,B,B,B,B,B,B,B,B,H,H,H,H,H,A,A,A,H,H,H,H,H,H,H,H,B,B,H,H,H,H,H,H,H,H,A,H,H,H,H,H,H,H,B,B,B,B,B,H,H,H,H,A,A,-,A,A,A,A,A,A,A,A,H,H,A,A,H,H,H,H,H,H,H,H,H,H,H,A,A,A,A,A,A,H,H,H,H,H,H,H,A,A,A,A,A,A,A,A,H,B,B,B,B,B,B,B,A,A,B,B,B,B,B,H,H
1.667416442,B,B,B,B,B,B,B,H,H,H,H,H,H,H,H,H,A,A,A,B,B,H,H,H,H,H,H,A,A,B,B,B,B,B,B,B,B,B,B,B,B,B,B,B,H,H,H,H,H,H,B,B,B,B,H,H,H,H,H,H,H,H,H,H,H,H,H,H,H,H,H,-,H,H,H,H,H,H,A,A,H,H,H,H,H,H,H,H,H,H,H,H,A,A,A,A,A,A,-,A,A,H,-,B,B,B,B,B,B,B,B,H,H,H,H,A,H,H
1.924518602,B,-,H,B,H,H,H,H,H,H,H,H,H,H,A,A,H,H,H,H,B,B,B,B,H,B,B,B,B,H,H,H,H,H,H,H,H,H,H,B,B,B,B,B,B,B,H,H,H,H,H,H,H,H,H,H,H,H,H,H,H,H,H,H,H,A,A,H,H,H,H,H,H,H,H,H,A,A,A,A,B,B,B,B,B,B,B,B,B,B,H,H,H,H,B,B,B,B,B,B,B,B,B,B,B,B,B,B,B,B,B,B,B,B,B,B,B,B
1.395723337,H,H,H,H,H,H,H,H,H,H,H,H,H,H,H,H,H,H,H,-,B,H,H,H,H,A,A,A,A,A,A,A,A,A,A,A,A,A,A,A,A,A,A,A,A,H,A,H,H,H,A,A,A,A,H,H,B,B,B,B,B,B,B,B,B,H,H,H,H,B,B,B,B,B,B,B,B,B,H,H,A,A,A,A,H,H,H,A,A,A,A,A,A,H,A,A,A,A,A,A,A,A,H,B,H,H,H,H,H,H,H,H,H,H,H,H,H,H
1.665889691,B,B,B,H,H,H,H,A,A,A,A,H,H,H,H,H,A,A,A,A,A,H,H,H,H,H,H,A,A,H,H,H,H,H,H,H,A,A,-,H,H,H,H,H,H,B,B,B,B,B,H,H,H,H,B,B,B,B,B,B,B,B,B,-,B,B,A,H,H,H,H,H,H,H,H,H,H,H,H,H,H,H,H,H,H,H,H,H,H,-,H,H,H,A,B,B,B,B,H,B,B,B,H,A,A,A,H,H,H,A,A,A,A,A,A,A,H,H
1.34156225,H,H,A,H,H,H,H,H,H,B,B,B,B,B,B,B,H,H,H,B,H,A,A,A,A,B,B,H,H,B,B,B,B,B,B,B,B,B,B,B,B,B,B,B,B,H,B,B,B,B,B,B,B,B,A,A,A,A,A,A,A,A,A,A,A,A,H,H,H,H,H,H,H,H,H,H,H,A,A,A,H,H,H,H,A,A,A,H,H,H,H,H,B,H,H,H,H,H,H,H,H,H,H,H,B,B,H,H,H,H,H,B,B,B,B,B,B,B
1.696839847,H,H,-,H,-,H,H,A,A,A,A,A,A,A,A,A,B,B,B,A,A,A,A,A,A,H,H,A,A,A,H,H,H,H,H,H,H,H,H,H,H,H,H,H,H,H,B,A,A,A,B,B,B,B,A,A,A,A,A,A,A,A,A,A,A,A,A,A,A,A,A,A,A,A,A,A,H,H,H,H,B,B,B,B,B,B,B,B,B,B,B,B,H,H,A,A,A,A,A,A,A,A,H,H,H,H,H,H,H,H,H,H,H,H,H,B,B,B
1.564422504,B,B,B,B,B,B,B,B,B,B,B,B,B,B,B,B,B,B,B,A,B,B,B,B,B,A,A,H,H,B,B,B,B,B,B,B,B,H,H,H,H,H,H,H,H,H,A,H,H,H,B,B,B,B,B,B,B,B,B,B,B,B,B,B,B,H,H,A,A,A,A,H,H,H,H,H,H,H,H,H,H,H,H,H,H,B,B,B,B,B,B,B,B,H,H,H,H,H,H,H,H,H,H,H,H,H,H,H,H,H,H,H,H,H,H,B,H,B
1.273801249,B,B,B,B,B,B,B,B,B,B,B,H,H,H,H,H,H,H,H,H,B,B,B,B,B,B,B,H,H,H,H,H,H,H,H,H,A,A,A,H,H,H,H,H,H,H,H,H,H,H,H,B,B,B,B,B,B,B,B,H,H,H,H,H,H,A,A,A,A,A,H,H,H,H,H,H,H,A,A,A,H,H,H,H,A,A,A,A,A,A,A,A,B,B,H,B,B,B,B,B,B,H,B,B,H,A,A,A,A,A,A,A,A,A,A,A,A,A
1.820824403,H,H,H,H,H,H,H,H,H,H,H,H,H,H,H,A,A,A,A,H,H,B,B,B,B,H,H,A,A,A,A,A,A,A,A,A,A,A,A,H,H,H,H,H,H,A,B,H,H,H,A,H,H,H,B,B,B,B,B,B,B,B,H,H,H,H,A,A,A,H,H,H,H,H,H,H,H,H,H,H,A,A,A,A,A,A,A,A,A,A,H,H,B,B,H,H,H,H,H,B,B,H,B,H,H,H,H,H,H,A,A,A,A,A,A,H,B,B
1.253849667,H,H,H,H,H,H,H,H,H,H,H,H,H,H,H,H,H,A,A,A,H,H,H,H,H,A,A,B,H,H,H,H,H,H,H,H,H,B,B,B,B,B,B,B,B,H,H,H,H,H,A,A,A,A,A,A,A,A,A,A,A,A,A,A,A,A,B,H,H,H,A,A,A,A,A,A,A,H,H,H,A,A,A,A,A,A,A,A,A,A,A,A,A,B,H,H,H,H,H,H,B,B,A,A,A,A,A,A,A,H,H,H,H,H,H,H,H,H
1.211994305,B,B,B,A,A,A,A,A,A,A,A,H,H,H,H,H,H,A,A,H,B,B,B,B,B,B,H,H,H,A,A,A,A,A,A,A,A,H,H,H,H,H,H,H,H,A,H,H,H,H,H,H,H,-,H,H,H,H,H,H,H,H,H,H,H,B,B,H,H,H,B,B,B,B,B,B,B,A,A,A,H,H,H,H,H,H,H,H,H,H,H,H,B,H,A,A,A,A,A,A,A,A,H,H,H,A,A,A,A,H,H,H,H,H,H,A,A,A
0.931511712,A,H,-,A,A,A,A,A,A,H,H,B,B,H,H,H,H,A,A,B,H,H,H,H,H,A,A,B,B,H,H,H,H,H,H,H,H,B,-,H,H,H,B,B,B,H,A,A,A,A,A,A,A,A,H,H,H,H,H,H,H,H,H,H,H,B,B,H,H,H,B,B,B,B,B,B,H,H,A,A,A,A,A,A,A,A,H,H,H,H,H,H,B,H,A,H,H,H,H,H,H,H,H,A,H,H,H,H,H,H,H,H,H,H,H,H,H,H
2.08657877,H,H,H,B,B,B,B,B,B,H,H,A,A,A,A,A,A,H,H,B,B,B,B,B,B,H,H,A,A,H,H,H,H,H,H,H,H,H,-,A,A,A,A,A,A,H,A,B,B,B,B,B,B,H,B,B,B,B,B,B,B,B,B,B,B,A,A,H,H,B,B,B,B,B,B,B,B,B,A,A,H,H,H,H,H,H,H,H,H,H,H,H,H,H,B,B,B,B,B,B,B,B,B,B,B,B,B,B,B,B,B,-,B,B,B,B,B,B
1.372448631,B,B,B,B,B,B,B,B,B,H,H,H,H,H,H,H,H,H,H,H,B,B,B,B,B,H,H,H,H,H,H,H,H,H,H,H,H,H,B,H,H,H,H,H,B,B,A,A,A,A,H,H,H,B,A,A,A,A,A,H,H,H,H,H,H,H,B,H,H,H,H,H,H,H,H,H,H,H,B,B,B,B,B,B,B,B,B,B,B,B,B,B,B,A,A,A,A,H,H,H,H,B,A,H,H,H,H,A,A,B,B,B,B,B,B,H,A,A
1.527303545,H,H,H,H,H,H,H,H,H,A,A,A,A,A,A,H,H,H,H,A,A,H,H,H,H,H,H,A,A,H,H,H,H,H,H,H,H,H,A,A,A,A,A,A,A,A,B,H,H,H,H,H,H,B,H,H,H,H,H,H,H,H,H,H,H,B,H,A,H,H,H,H,H,H,H,H,-,A,A,A,B,B,B,B,B,B,B,B,B,B,B,B,B,B,B,B,B,B,B,B,B,A,H,B,B,B,B,H,H,B,B,B,H,H,H,H,-,H
1.413221216,B,B,A,A,A,A,A,H,H,H,H,A,A,A,A,A,A,A,A,A,A,H,H,H,H,H,-,H,H,H,H,H,H,H,H,H,H,A,A,A,A,A,H,H,H,B,B,H,H,H,A,A,A,H,H,H,H,H,H,H,H,H,H,H,H,B,H,A,A,A,A,A,A,A,A,A,A,A,H,H,H,H,H,H,A,A,A,A,A,A,A,A,H,H,H,H,H,H,H,H,H,A,B,B,H,H,H,H,B,H,H,H,H,H,H,H,B,B
1.029352883,A,A,A,H,H,H,H,H,H,H,H,A,-,A,H,H,H,H,-,H,H,A,A,A,A,H,H,H,H,H,H,H,H,H,H,H,H,H,H,B,B,B,B,B,B,H,A,H,H,H,B,B,B,-,H,H,H,H,H,A,A,A,A,A,A,H,H,B,B,B,B,H,H,H,H,H,H,H,A,A,A,A,A,A,A,A,A,A,A,A,H,H,H,A,A,A,A,A,H,H,H,B,H,H,H,B,B,B,H,B,B,B,B,-,B,B,H,H
1.826117932,A,A,A,H,H,H,H,H,H,H,H,H,H,H,H,H,-,H,H,H,H,H,H,H,H,H,H,H,H,B,H,H,H,H,H,H,H,H,H,H,H,H,H,H,H,H,H,H,H,A,H,B,B,H,H,H,H,H,H,-,H,H,H,H,H,B,B,H,H,H,H,A,A,A,A,A,A,H,H,B,A,A,A,A,H,H,H,H,H,H,A,A,H,H,H,H,H,H,H,B,B,B,B,B,B,B,B,B,B,A,A,A,A,A,A,H,H,H
1.498245864,A,A,A,A,H,H,H,H,H,H,H,H,B,B,A,A,A,A,A,H,H,A,A,A,A,H,H,A,A,H,H,H,H,H,H,H,H,A,A,-,A,A,A,A,A,H,A,A,A,A,A,A,A,A,H,H,H,H,H,B,B,B,B,-,-,B,H,B,B,-,B,H,H,H,H,H,H,H,H,H,B,B,B,B,H,H,H,A,A,A,A,A,A,B,H,H,H,H,A,A,A,A,B,B,A,-,A,A,A,B,B,B,B,B,B,B,B,B
1.28930721,H,H,H,H,H,H,H,H,H,H,H,H,H,H,H,A,A,H,H,A,H,A,A,A,A,A,A,A,A,B,B,B,B,B,B,B,B,B,H,H,H,H,H,H,H,B,B,B,B,B,H,H,H,H,H,H,H,H,H,H,H,H,H,H,H,H,H,A,A,H,H,H,H,H,H,H,H,H,H,H,A,A,A,A,B,B,B,B,B,B,B,B,H,B,B,B,B,B,H,H,H,H,H,H,H,H,H,H,H,A,A,A,A,A,A,A,A,A
1.651662129,B,H,H,A,A,A,A,A,A,A,A,A,A,A,A,A,H,H,H,H,H,H,H,H,H,H,H,H,H,B,B,B,B,B,B,B,B,H,A,A,A,A,A,H,H,B,H,H,H,A,H,H,H,H,B,B,B,B,B,B,B,B,B,B,B,B,A,H,H,H,H,H,H,H,-,H,B,B,B,H,B,B,B,B,H,H,H,H,H,H,H,H,B,H,H,H,H,H,H,H,A,A,A,H,H,B,B,H,H,H,H,H,H,H,H,H,B,B
1.177686184,A,A,H,A,A,A,A,A,A,H,H,H,B,B,B,B,B,B,B,A,B,B,B,B,B,H,H,A,A,A,A,A,A,A,A,A,A,A,A,H,H,H,H,H,H,H,H,B,B,B,B,B,B,B,H,H,H,H,H,H,H,B,B,B,B,B,B,H,H,H,H,H,H,H,H,H,H,B,B,B,H,H,H,H,H,H,H,H,H,H,H,H,A,H,H,H,H,H,A,A,A,H,H,H,H,H,H,H,H,H,H,H,H,H,H,H,H,H
1.250599423,A,A,H,A,A,A,A,A,A,A,A,A,H,H,H,H,A,-,A,H,H,H,H,H,H,A,A,H,H,H,H,H,H,H,H,H,H,H,B,-,B,H,H,-,H,H,B,H,H,H,B,B,B,H,A,A,-,A,A,A,A,A,A,A,A,H,H,H,H,H,H,H,H,H,H,H,A,A,H,H,H,H,H,H,A,A,A,A,A,A,A,A,A,A,A,A,-,A,A,A,-,B,H,H,H,H,B,H,H,A,A,A,A,A,A,-,H,H
1.309218769,H,B,B,B,B,B,B,H,H,H,H,H,A,A,A,A,A,A,A,H,H,H,H,H,H,H,H,H,H,H,B,B,B,B,B,B,B,B,B,B,B,B,B,B,B,B,H,A,-,A,H,H,H,H,A,A,A,A,A,A,A,A,A,A,A,A,A,B,B,-,B,H,H,H,H,H,H,B,B,H,A,A,A,A,A,A,A,A,A,A,H,H,-,H,A,A,A,A,A,A,A,H,A,A,A,H,H,H,B,A,A,A,A,A,A,A,A,A
1.810319641,A,A,A,H,H,H,H,A,A,A,A,A,A,A,A,A,A,A,A,A,A,A,A,A,A,H,H,B,B,B,B,B,B,B,B,B,B,B,B,B,B,B,B,B,B,B,A,H,H,H,B,B,B,B,A,A,A,A,-,A,A,A,A,A,A,H,-,H,H,H,H,H,H,H,H,H,H,H,A,A,A,A,H,H,H,H,H,H,H,H,H,H,A,B,B,B,H,H,H,H,H,A,H,B,B,B,B,B,B,H,H,H,H,H,H,H,H,H
1.259194738,B,B,B,B,B,B,B,H,H,A,A,A,H,H,A,A,A,A,A,H,H,H,H,H,H,H,H,H,H,B,B,B,B,B,B,B,B,H,H,A,A,A,A,A,A,H,B,B,B,B,A,A,A,A,B,B,B,B,B,B,B,B,B,B,B,H,A,B,B,B,B,H,H,H,H,H,H,H,H,H,H,H,H,H,H,H,-,A,A,A,A,A,H,B,H,H,H,H,A,A,A,H,H,H,H,H,H,H,H,H,H,H,H,H,H,H,H,H
1.477660228,H,H,H,A,H,H,H,H,H,H,H,A,A,A,A,A,A,A,A,B,H,H,H,H,H,A,A,B,B,B,B,B,B,B,B,B,B,B,B,B,B,B,B,B,B,A,H,A,A,A,A,A,A,A,H,H,H,H,H,H,H,H,H,H,H,H,H,H,H,H,H,H,H,H,H,H,H,B,H,H,H,H,H,H,H,H,H,H,H,H,-,B,B,A,A,A,A,A,A,A,A,H,A,H,B,B,B,B,B,H,H,H,H,H,H,A,A,A
1.465240408,A,H,H,H,A,A,A,A,A,A,A,H,H,H,H,H,H,H,H,H,B,H,H,H,H,H,H,A,A,A,A,A,A,A,A,A,A,A,A,A,A,A,A,A,H,H,H,H,H,H,A,A,A,A,B,B,B,B,B,B,B,B,B,B,B,A,A,H,H,H,H,A,A,A,A,A,A,A,A,A,H,H,H,H,H,H,H,H,-,H,H,H,H,A,H,H,H,H,H,H,H,H,H,H,A,A,A,A,A,B,B,B,B,B,B,H,H,H
2.121114559,A,A,A,A,A,A,A,A,A,H,H,H,H,H,-,H,B,B,B,H,H,B,B,B,B,B,B,H,H,H,H,H,H,H,H,H,H,H,-,-,H,H,H,H,H,A,H,A,A,A,H,H,H,H,B,B,B,B,B,B,B,B,B,B,B,H,H,H,H,H,H,H,H,H,H,H,H,H,A,A,H,H,H,H,H,H,H,A,A,A,A,A,A,H,H,H,H,H,H,H,H,A,A,A,H,H,H,H,H,B,B,B,B,B,B,H,H,H
1.201070522,B,B,B,H,H,H,-,B,B,-,B,B,B,B,B,B,B,B,B,A,A,A,A,A,A,H,H,A,A,H,H,H,H,H,H,H,H,H,H,H,H,H,H,B,B,B,A,H,H,H,H,H,H,H,H,H,H,H,H,H,H,A,A,A,A,H,H,H,H,B,B,H,H,H,H,H,B,B,B,B,H,H,H,H,H,H,H,H,H,-,B,B,B,H,H,H,A,A,H,H,H,B,A,A,H,H,H,H,H,H,H,H,H,H,H,H,H,H
1.386628602,A,A,A,A,A,A,A,A,A,H,H,H,B,B,H,H,H,H,H,B,H,A,A,A,A,A,A,B,B,B,B,B,B,B,B,B,B,H,H,H,H,H,H,H,H,H,H,B,B,B,H,H,H,H,H,H,H,H,H,H,H,H,H,H,H,H,B,H,H,H,H,A,A,A,A,A,A,H,H,H,A,A,A,A,A,A,A,-,H,H,A,A,A,H,A,A,A,A,A,A,-,A,B,B,B,H,H,A,A,H,H,H,H,H,H,B,-,B
1.630547315,H,H,H,H,H,H,H,B,B,H,H,H,H,H,H,H,H,H,H,B,B,B,B,B,B,A,A,A,A,H,H,H,H,H,H,H,H,H,H,B,B,B,B,B,H,A,H,A,A,A,A,A,A,A,H,H,H,H,H,H,H,H,H,H,H,H,H,H,H,H,B,B,B,B,B,B,B,H,H,H,H,H,H,H,A,A,A,A,A,A,A,A,A,H,A,A,A,A,A,A,A,H,H,H,H,H,H,H,H,B,B,B,B,B,B,B,H,H
1.231365874,B,B,H,H,H,H,H,A,A,A,A,A,A,A,A,H,A,A,A,A,H,H,H,H,H,H,H,A,A,A,A,A,A,A,A,A,-,H,B,B,B,B,B,B,B,H,H,H,H,A,B,B,B,B,H,H,H,H,H,B,B,B,B,B,B,A,A,H,H,H,H,H,H,H,H,H,H,A,H,H,-,H,H,H,A,A,A,A,-,A,A,A,H,H,B,B,B,H,H,H,H,H,H,B,B,B,B,B,B,A,A,A,A,A,A,H,H,H
1.11931708,H,H,H,B,B,B,B,B,B,B,B,H,H,H,H,H,H,A,A,B,H,A,A,A,A,H,H,A,A,B,B,B,B,B,B,B,B,B,B,H,H,H,H,H,H,H,H,B,B,B,B,B,B,H,H,H,H,H,H,H,H,H,H,H,H,H,A,H,H,H,A,A,A,A,A,A,A,H,B,B,A,A,A,A,A,A,A,A,A,A,A,A,A,B,H,A,A,A,A,A,A,H,B,B,H,H,H,H,H,A,A,A,A,A,A,B,B,B
1.21583901,H,H,A,H,B,B,B,B,B,-,B,B,B,B,B,B,B,B,B,H,B,H,H,H,H,B,B,B,B,H,H,H,H,H,H,H,H,B,B,-,B,B,B,B,B,H,H,H,H,H,B,B,B,B,A,A,A,A,A,A,A,A,A,A,A,A,A,H,H,H,H,A,A,A,A,A,A,A,A,A,H,H,H,H,H,H,H,H,H,H,H,H,H,B,B,B,B,B,B,B,B,A,A,-,A,A,A,H,H,A,A,A,A,A,A,H,H,H
2.354280608,B,B,H,H,H,H,H,B,B,H,H,B,B,B,B,B,B,B,B,B,B,B,B,B,B,B,B,H,H,B,B,B,B,B,B,B,B,B,B,B,B,B,B,B,B,H,A,H,H,H,B,B,B,B,B,B,B,B,B,B,B,B,B,B,B,B,B,H,H,H,H,H,H,H,H,H,A,A,A,-,A,A,A,A,A,A,A,H,H,H,H,H,B,B,B,B,H,H,H,H,H,H,A,A,A,A,A,A,A,A,A,A,A,A,A,H,H,H
1.519208115,B,B,H,B,H,H,-,H,H,H,H,H,B,-,-,-,H,H,H,A,A,A,A,A,A,H,H,H,H,H,B,B,B,B,B,B,B,B,B,B,B,B,B,B,B,B,A,A,A,A,A,A,A,A,H,H,H,H,H,H,H,A,A,-,A,H,B,H,H,H,H,H,H,H,-,H,H,H,H,A,H,H,H,H,H,-,H,H,B,B,B,B,-,B,H,H,H,H,B,B,B,B,A,H,H,-,H,H,H,B,B,H,A,A,A,H,H,H
1.27665646,A,-,A,A,A,A,A,A,A,A,A,A,H,H,H,H,H,H,-,A,A,A,A,A,A,H,H,B,H,H,H,H,H,H,H,H,H,H,H,H,H,H,H,H,H,B,H,A,A,A,-,A,A,-,A,A,A,-,A,A,A,A,A,A,-,H,B,B,B,B,B,B,B,B,B,B,H,H,H,H,B,B,B,B,A,A,A,A,A,A,A,A,A,B,H,H,H,A,A,A,H,H,A,A,A,A,A,A,A,H,-,H,H,H,H,H,H,H
1.438428427,B,B,H,H,B,B,B,B,B,H,H,H,H,H,-,B,H,H,H,B,H,H,H,H,H,H,H,H,H,H,H,H,H,H,H,-,H,H,-,H,H,H,H,H,H,H,H,B,B,B,H,H,H,H,B,B,B,B,B,B,B,B,B,B,B,B,B,B,B,B,B,B,B,B,B,B,-,H,A,A,H,H,H,H,H,H,H,H,H,H,A,A,A,B,B,B,B,B,B,H,H,H,H,H,H,A,A,-,A,H,H,H,H,H,H,H,H,H
1.516636727,H,H,H,B,B,B,B,A,A,A,A,H,H,H,H,H,H,H,H,H,H,H,H,H,H,H,H,H,H,A,A,A,A,A,A,A,A,H,H,H,H,-,H,H,H,A,B,B,B,B,H,H,H,H,H,H,H,H,H,H,H,H,H,H,H,B,H,H,H,H,H,H,H,H,H,H,H,A,A,A,H,H,H,H,H,H,H,H,H,H,B,B,B,H,H,H,A,A,-,A,A,H,H,H,B,B,B,B,B,H,H,H,H,H,H,-,-,H
1.145933252,H,H,A,A,A,A,A,A,A,H,H,H,H,H,H,H,H,-,B,A,H,H,H,H,H,H,H,B,B,B,B,B,B,B,B,B,B,B,B,H,H,H,H,H,H,A,B,B,B,B,H,H,H,H,H,H,H,H,H,H,H,B,-,B,B,H,A,H,H,B,B,B,B,B,B,B,B,B,B,B,H,H,H,H,H,H,A,A,A,A,A,A,A,H,B,H,H,H,H,H,H,A,B,H,H,H,H,H,H,H,H,A,A,A,A,A,H,H
1.675946562,H,A,A,B,H,H,H,H,H,H,H,H,H,H,H,B,B,B,B,H,A,A,A,A,A,H,H,B,B,B,B,B,B,B,B,B,B,H,H,H,H,H,H,H,H,A,A,A,A,A,A,H,H,H,A,A,A,A,A,A,A,H,H,H,H,H,A,H,H,H,H,H,H,H,H,H,A,A,A,H,A,A,A,A,A,A,H,H,B,B,B,B,B,B,A,A,A,A,A,A,A,A,A,H,H,H,H,H,H,A,A,A,A,H,H,H,H,H
1.016228072,A,A,A,H,H,H,H,H,H,H,H,H,H,H,H,A,H,H,H,H,B,B,B,B,B,A,A,A,A,H,H,H,H,H,H,H,H,B,B,B,B,B,B,H,H,H,A,H,H,H,H,H,H,H,A,A,A,A,A,A,A,A,A,A,A,H,B,H,H,H,H,A,A,A,A,A,A,H,H,H,A,A,A,A,A,A,A,A,A,A,A,A,H,H,H,H,B,B,B,B,B,B,H,H,H,H,H,H,H,A,A,H,H,H,H,B,B,B
1.160605563,H,H,-,H,A,A,A,A,H,B,B,B,B,B,B,B,B,H,H,H,B,B,B,B,B,H,H,B,B,B,B,B,B,B,B,B,B,B,B,B,B,B,B,B,B,H,H,H,H,H,-,H,H,A,H,H,H,H,H,H,H,H,H,-,H,A,H,A,A,A,A,A,A,A,A,A,A,A,A,H,H,H,H,H,A,A,A,A,A,A,A,A,A,H,B,B,B,B,B,B,B,B,A,A,A,H,-,H,H,H,H,H,H,H,H,B,B,B
1.554724328,A,A,A,B,B,B,B,B,B,H,H,H,A,A,A,A,A,A,A,A,A,B,B,B,B,H,H,H,A,H,H,H,H,H,H,H,H,-,A,-,H,H,H,H,H,H,H,H,H,H,A,A,A,A,B,B,B,-,B,B,B,B,B,B,B,B,B,B,B,B,B,B,B,B,B,B,A,A,A,A,A,A,A,A,H,H,H,H,H,H,H,H,H,H,H,H,H,H,H,H,H,A,A,A,H,H,H,H,H,A,A,A,A,A,A,H,H,H
1.301244305,B,B,B,B,B,B,B,H,H,H,H,H,H,H,H,H,H,A,A,H,H,B,B,B,B,A,A,H,H,B,B,B,B,B,B,B,B,B,H,H,H,H,H,H,H,B,A,A,A,A,H,H,H,H,B,B,B,B,B,B,B,H,H,H,H,H,B,H,A,A,H,H,H,H,H,H,H,H,H,H,H,H,H,H,H,H,H,H,H,H,H,H,H,B,B,-,B,B,-,-,-,A,A,A,A,A,A,H,H,-,H,H,H,H,H,H,H,H
1.539074283,H,A,A,A,H,H,H,H,H,-,H,H,H,H,H,H,H,H,H,-,A,H,H,H,H,H,H,H,H,H,H,H,H,H,H,H,H,H,B,B,B,B,B,H,H,A,A,A,-,A,A,A,A,A,H,H,H,H,H,H,H,H,H,H,H,H,H,B,B,B,B,H,H,H,H,H,H,H,H,H,H,H,H,H,H,H,-,A,A,A,H,H,H,A,H,H,H,H,H,H,H,H,A,A,A,-,A,H,H,A,A,A,A,A,A,A,A,A
